<?xml version="1.0" encoding="UTF-8"?>
<!--
 This is a WordPress eXtended RSS file generated by WordPress as an export of your site.
 It contains information about your site's posts, pages, comments, categories, and other content.
 You may use this file to transfer that content from one site to another.
 This file is not intended to serve as a complete backup of your site.

 To import this information into a WordPress site follow these steps:
 1. Log in to that site as an administrator.
 2. Go to Tools: Import in the WordPress admin panel.
 3. Install the "WordPress" importer from the list.
 4. Activate & Run Importer.
 5. Upload this file using the form provided on that page.
 6. You will first be asked to map the authors in this export file to users
    on the site. For each author, you may choose to map to an
    existing user on the site or to create a new user.
 7. WordPress will then import each of the posts, pages, comments, categories, etc.
    contained in this file into your site.
-->
<!-- generator="WordPress.com" created="2025-03-19 13:43"-->
<rss version="2.0" xmlns:excerpt="http://wordpress.org/export/1.2/excerpt/" xmlns:content="http://purl.org/rss/1.0/modules/content/" xmlns:wfw="http://wellformedweb.org/CommentAPI/" xmlns:dc="http://purl.org/dc/elements/1.1/" xmlns:wp="http://wordpress.org/export/1.2/">
  <channel>
<title>Josué Carvajal</title>
<link>https://josuecarvajal4.wordpress.com</link>
<description/>
<pubDate>Wed, 19 Mar 2025 13:43:32 +0000</pubDate>
<language>es</language>
<wp:wxr_version>1.2</wp:wxr_version>
<wp:base_site_url>http://wordpress.com/</wp:base_site_url>
<wp:base_blog_url>https://josuecarvajal4.wordpress.com</wp:base_blog_url>
<wp:author>
  <wp:author_id>261402354</wp:author_id>
  <wp:author_login>josueciz0403</wp:author_login>
  <wp:author_email>josueciz0403@gmail.com</wp:author_email>
  <wp:author_display_name><![CDATA[Josue]]></wp:author_display_name>
  <wp:author_first_name><![CDATA[Josue]]></wp:author_first_name>
  <wp:author_last_name><![CDATA[]]></wp:author_last_name>
</wp:author>
<wp:category>
  <wp:term_id>1</wp:term_id>
  <wp:category_nicename>uncategorized</wp:category_nicename>
  <wp:category_parent/>
  <wp:cat_name><![CDATA[Uncategorized]]></wp:cat_name>
</wp:category>
<generator>http://wordpress.com/</generator>
<image>
		<url>http://s0.wp.com/i/buttonw-com.png</url>
		<title>Josué Carvajal</title>
		<link>https://josuecarvajal4.wordpress.com</link>
	</image>
	<item>
  <title><![CDATA[Sobre Mi]]></title>
  <link>https://josuecarvajal4.wordpress.com/sobre-mi/</link>
  <pubDate>Wed, 29 Jan 2025 14:00:34 +0000</pubDate>
  <dc:creator>josueciz0403</dc:creator>
  <guid isPermaLink="false">http://josuecarvajal4.wordpress.com/?page_id=1</guid>
  <description/>
  <content:encoded><![CDATA[<!-- wp:group {"metadata":{"name":"Header","categories":["header"],"patternName":"a8c/header-logo-left-menu-centered-social-right"},"align":"full","style":{"spacing":{"padding":{"top":"var:preset|spacing|30","bottom":"var:preset|spacing|30","left":"var(\u002d\u002dwp\u002d\u002dstyle\u002d\u002droot\u002d\u002dpadding-left, var(\u002d\u002dwp\u002d\u002dcustom\u002d\u002dgap\u002d\u002dhorizontal))","right":"var(\u002d\u002dwp\u002d\u002dstyle\u002d\u002droot\u002d\u002dpadding-right, var(\u002d\u002dwp\u002d\u002dcustom\u002d\u002dgap\u002d\u002dhorizontal))"},"margin":{"top":"0","bottom":"0"}}},"layout":{"type":"constrained","justifyContent":"center"}} -->
<div class="wp-block-group alignfull" style="margin-top:0;margin-bottom:0;padding-top:var(--wp--preset--spacing--30);padding-right:var(--wp--style--root--padding-right, var(--wp--custom--gap--horizontal));padding-bottom:var(--wp--preset--spacing--30);padding-left:var(--wp--style--root--padding-left, var(--wp--custom--gap--horizontal))"><!-- wp:group {"tagName":"header","metadata":{"name":"Contents"},"align":"wide","style":{"spacing":{"margin":{"top":"0","bottom":"0"},"blockGap":"var:preset|spacing|40"}},"layout":{"type":"flex","flexWrap":"nowrap","justifyContent":"space-between"}} -->
<header class="wp-block-group alignwide" style="margin-top:0;margin-bottom:0"><!-- wp:group {"className":"grow  md:grow-0","style":{"layout":{"selfStretch":"fixed","flexSize":"25%"}},"layout":{"type":"flex","flexWrap":"nowrap","justifyContent":"left"}} -->
<div class="wp-block-group grow md:grow-0"><!-- wp:site-title /--></div>
<!-- /wp:group -->

<!-- wp:navigation {"ref":3,"className":"order-1 md:order-0","style":{"layout":{"selfStretch":"fit","flexSize":null}},"layout":{"type":"flex","justifyContent":"center"}} /-->

<!-- wp:group {"className":"grow md:grow-0","style":{"spacing":{"blockGap":"var:preset|spacing|20"},"layout":{"selfStretch":"fixed","flexSize":"25%"}},"layout":{"type":"flex","flexWrap":"nowrap","justifyContent":"right"}} -->
<div class="wp-block-group grow md:grow-0"><!-- wp:social-links {"className":"is-style-logos-only","style":{"spacing":{"blockGap":{"left":"8px"}}},"layout":{"type":"flex","flexWrap":"nowrap"}} -->
<ul class="wp-block-social-links is-style-logos-only"><!-- wp:social-link {"url":"https://www.linkedin.com/in/josue-carvajal-zumba/","service":"linkedin"} /-->

<!-- wp:social-link {"url":"https://github.com/Jcprofession","service":"github"} /--></ul>
<!-- /wp:social-links --></div>
<!-- /wp:group --></header>
<!-- /wp:group --></div>
<!-- /wp:group -->

<!-- wp:paragraph {"style":{"typography":{"fontSize":"56px"}}} -->
<p style="font-size:56px">Josue                              Carvajal</p>
<!-- /wp:paragraph -->

<!-- wp:media-text {"mediaId":14,"mediaLink":"https://josuecarvajal4.wordpress.com/inicio/josue-carvajal-3/","mediaType":"image","mediaWidth":34} -->
<div class="wp-block-media-text is-stacked-on-mobile" style="grid-template-columns:34% auto"><figure class="wp-block-media-text__media"><img src="https://josuecarvajal4.wordpress.com/wp-content/uploads/2025/01/josue-carvajal-1-e1738160645567.jpeg?w=620" alt="" class="wp-image-14 size-full" /></figure><div class="wp-block-media-text__content"><!-- wp:paragraph {"placeholder":"Contenido…","fontSize":"small"} -->
<p class="has-small-font-size">Soy una persona proactiva, organizada<br>y responsable, con buenas relaciones<br>interpersonales.<br>Siempre tengo la mejor disposición para la<br>realización de mis labores. Mi mayor meta<br>siempre será dar lo mejor de mi</p>
<!-- /wp:paragraph -->

<!-- wp:paragraph {"placeholder":"Contenido…"} -->
<p></p>
<!-- /wp:paragraph --></div></div>
<!-- /wp:media-text -->

<!-- wp:paragraph {"placeholder":"Teclea / para añadir un bloque oculto"} -->
<p></p>
<!-- /wp:paragraph -->

<!-- wp:group {"layout":{"type":"grid"}} -->
<div class="wp-block-group"><!-- wp:group {"layout":{"type":"grid"}} -->
<div class="wp-block-group"><!-- wp:group {"layout":{"type":"grid"}} -->
<div class="wp-block-group"><!-- wp:group {"layout":{"type":"grid"}} -->
<div class="wp-block-group"><!-- wp:details -->
<details class="wp-block-details"><summary>Educacion</summary><!-- wp:paragraph {"placeholder":"Teclea / para añadir un bloque oculto"} -->
<p>Tecnólogo en Marketing Digital &amp;<br>Comercio Electrónico<br>Instituto Universitario Cordillera| Abril<br>2024- En curso<br>Bachiller en ciencias <br>Unida Educativa Fiscal San Francisco de Quito<br>2014-2022</p>
<!-- /wp:paragraph -->

<!-- wp:paragraph {"placeholder":"Teclea / para añadir un bloque oculto"} -->
<p></p>
<!-- /wp:paragraph --></details>
<!-- /wp:details --></div>
<!-- /wp:group --></div>
<!-- /wp:group --></div>
<!-- /wp:group -->

<!-- wp:details {"style":{"layout":{"columnSpan":1,"rowSpan":1}}} -->
<details class="wp-block-details"><summary>Experiencia Laboral</summary><!-- wp:paragraph {"placeholder":"Teclea / para añadir un bloque oculto"} -->
<p><strong>Vendedor residencial</strong> Xtrim Tv Cable, Quito, Oct 09 -2022 - Abr 2023<br>Venta de servicios: Internet, Telefonía, Televisión<br>Atención al cliente<br>Venta puerta a puerta<br><strong>Polifuncional</strong><br>Manabiche | Agos 28- 2023/ hasta la actualidad<br>Mesero<br>Recepción de Productos<br>Procesamiento de Productos</p>
<!-- /wp:paragraph -->

<!-- wp:paragraph {"placeholder":"Teclea / para añadir un bloque oculto"} -->
<p></p>
<!-- /wp:paragraph --></details>
<!-- /wp:details -->

<!-- wp:details -->
<details class="wp-block-details"><summary>Certificaciones</summary><!-- wp:paragraph {"placeholder":"Teclea / para añadir un bloque oculto"} -->
<p><strong>Certificacion de Marketing de Contenidos</strong>            Hubspot | 24 Horas 2024<br><strong>Licencia Profesional Tipo C</strong><br>Certificacion de Chofe Profesional</p>
<!-- /wp:paragraph -->

<!-- wp:paragraph {"placeholder":"Teclea / para añadir un bloque oculto"} -->
<p></p>
<!-- /wp:paragraph --></details>
<!-- /wp:details --></div>
<!-- /wp:group -->

<!-- wp:paragraph -->
<p></p>
<!-- /wp:paragraph -->

<!-- wp:table -->
<figure class="wp-block-table"><table class="has-fixed-layout"><thead><tr><th>Idioma</th><th>Nivel</th></tr></thead><tbody><tr><td>Español</td><td>Nativo</td></tr><tr><td>Ingles</td><td>Básico</td></tr></tbody></table></figure>
<!-- /wp:table -->

<!-- wp:paragraph -->
<p></p>
<!-- /wp:paragraph -->]]></content:encoded>
  <excerpt:encoded><![CDATA[]]></excerpt:encoded>
  <wp:post_id>1</wp:post_id>
  <wp:post_date>2025-01-29 14:00:34</wp:post_date>
  <wp:post_date_gmt>2025-01-29 14:00:34</wp:post_date_gmt>
  <wp:post_modified>2025-02-12 09:36:53</wp:post_modified>
  <wp:post_modified_gmt>2025-02-12 14:36:53</wp:post_modified_gmt>
  <wp:comment_status>closed</wp:comment_status>
  <wp:ping_status>open</wp:ping_status>
  <wp:post_name>sobre-mi</wp:post_name>
  <wp:status>publish</wp:status>
  <wp:post_parent>0</wp:post_parent>
  <wp:menu_order>0</wp:menu_order>
  <wp:post_type>page</wp:post_type>
  <wp:post_password/>
  <wp:is_sticky>0</wp:is_sticky>
  <wp:postmeta>
    <wp:meta_key>_wp_page_template</wp:meta_key>
    <wp:meta_value><![CDATA[default]]></wp:meta_value>
  </wp:postmeta>
  <wp:postmeta>
    <wp:meta_key>_elasticsearch_data_sharing_indexed_on</wp:meta_key>
    <wp:meta_value><![CDATA[2025-01-29 14:00:36]]></wp:meta_value>
  </wp:postmeta>
  <wp:postmeta>
    <wp:meta_key>_g_feedback_shortcode_87911d1aed509877b83a48ec536f768cdcd22df1</wp:meta_key>
    <wp:meta_value><![CDATA[
				[contact-field label="Nombre" type="name"  required="true" /]
				[contact-field label="Correo electrónico" type="email" required="true" /]
				[contact-field label="Web" type="url" /]
				[contact-field label="Mensaje" type="textarea" /]]]></wp:meta_value>
  </wp:postmeta>
  <wp:postmeta>
    <wp:meta_key>_g_feedback_shortcode_atts_87911d1aed509877b83a48ec536f768cdcd22df1</wp:meta_key>
    <wp:meta_value><![CDATA[a:17:{s:2:"to";s:22:"josueciz0403@gmail.com";s:7:"subject";s:26:"[Josué Carvajal] Sobre Mi";s:12:"show_subject";s:2:"no";s:6:"widget";i:0;s:14:"block_template";N;s:19:"block_template_part";N;s:2:"id";i:1;s:18:"submit_button_text";s:6:"Enviar";s:14:"customThankyou";s:0:"";s:21:"customThankyouHeading";s:24:"Se ha enviado tu mensaje";s:21:"customThankyouMessage";s:24:"¡Gracias por tu envío!";s:22:"customThankyouRedirect";s:0:"";s:10:"jetpackCRM";b:1;s:9:"className";N;s:9:"postToUrl";N;s:14:"salesforceData";N;s:12:"hiddenFields";N;}]]></wp:meta_value>
  </wp:postmeta>
  <wp:postmeta>
    <wp:meta_key>_last_editor_used_jetpack</wp:meta_key>
    <wp:meta_value><![CDATA[block-editor]]></wp:meta_value>
  </wp:postmeta>
</item>
<item>
  <title><![CDATA[¡Hola mundo!]]></title>
  <link>https://josuecarvajal4.wordpress.com/2025/01/29/hello-world/</link>
  <pubDate>Wed, 29 Jan 2025 13:55:35 +0000</pubDate>
  <dc:creator>josueciz0403</dc:creator>
  <guid isPermaLink="false">https://josuecarvajal4.wordpress.com/2025/01/29/hello-world/</guid>
  <description/>
  <content:encoded><![CDATA[<!-- wp:paragraph -->
<p>Bienvenido a WordPress Esta es tu primera entrada. Empieza tu andadura en el mundo bloguero editándola o borrándola.</p>
<!-- /wp:paragraph -->]]></content:encoded>
  <excerpt:encoded><![CDATA[]]></excerpt:encoded>
  <wp:post_id>2</wp:post_id>
  <wp:post_date>2025-01-29 13:55:35</wp:post_date>
  <wp:post_date_gmt>2025-01-29 13:55:35</wp:post_date_gmt>
  <wp:post_modified>2025-01-29 13:55:35</wp:post_modified>
  <wp:post_modified_gmt>2025-01-29 13:55:35</wp:post_modified_gmt>
  <wp:comment_status>open</wp:comment_status>
  <wp:ping_status>open</wp:ping_status>
  <wp:post_name>hello-world</wp:post_name>
  <wp:status>publish</wp:status>
  <wp:post_parent>0</wp:post_parent>
  <wp:menu_order>0</wp:menu_order>
  <wp:post_type>post</wp:post_type>
  <wp:post_password/>
  <wp:is_sticky>0</wp:is_sticky>
  <category domain="category" nicename="uncategorized"><![CDATA[Uncategorized]]></category>
  <wp:postmeta>
    <wp:meta_key>_headstart_post</wp:meta_key>
    <wp:meta_value><![CDATA[_hs_extra]]></wp:meta_value>
  </wp:postmeta>
  <wp:postmeta>
    <wp:meta_key>sharing_disabled</wp:meta_key>
    <wp:meta_value><![CDATA[a:1:{i:0;N;}]]></wp:meta_value>
  </wp:postmeta>
  <wp:postmeta>
    <wp:meta_key>switch_like_status</wp:meta_key>
    <wp:meta_value><![CDATA[a:1:{i:0;N;}]]></wp:meta_value>
  </wp:postmeta>
  <wp:postmeta>
    <wp:meta_key>_starter_page_template</wp:meta_key>
    <wp:meta_value><![CDATA[]]></wp:meta_value>
  </wp:postmeta>
  <wp:postmeta>
    <wp:meta_key>_hs_old_id</wp:meta_key>
    <wp:meta_value><![CDATA[4]]></wp:meta_value>
  </wp:postmeta>
  <wp:postmeta>
    <wp:meta_key>_wpas_skip_all_services</wp:meta_key>
    <wp:meta_value><![CDATA[1]]></wp:meta_value>
  </wp:postmeta>
  <wp:postmeta>
    <wp:meta_key>_publicize_pending</wp:meta_key>
    <wp:meta_value><![CDATA[1]]></wp:meta_value>
  </wp:postmeta>
  <wp:postmeta>
    <wp:meta_key>_elasticsearch_data_sharing_indexed_on</wp:meta_key>
    <wp:meta_value><![CDATA[2025-01-29 14:00:35]]></wp:meta_value>
  </wp:postmeta>
</item>
<item>
  <title><![CDATA[Navegación]]></title>
  <link>https://josuecarvajal4.wordpress.com/2025/01/29/navigation/</link>
  <pubDate>Wed, 29 Jan 2025 14:00:40 +0000</pubDate>
  <dc:creator>josueciz0403</dc:creator>
  <guid isPermaLink="false">https://josuecarvajal4.wordpress.com/2025/01/29/navigation/</guid>
  <description/>
  <content:encoded><![CDATA[<!-- wp:navigation-link {"label":"Inicio","type":"page","id":5,"url":"https://josuecarvajal4.wordpress.com/","kind":"post-type"} /-->

<!-- wp:navigation-link {"label":"Sobre mi","url":"https://josuecarvajal4.wordpress.com/sobre-mi/","kind":"custom"} /-->

<!-- wp:navigation-link {"label":"Linkedin","url":"https://www.linkedin.com/in/josue-carvajal-zumba/","kind":"custom"} /-->

<!-- wp:navigation-link {"label":"Portafolio","url":"https://josuecarvajal4.wordpress.com/portafolio/","kind":"custom"} /-->

<!-- wp:navigation-link {"label":"Blog","type":"page","id":7,"url":"https://voces-del-asfalto.blogspot.com/","kind":"post-type"} /-->

<!-- wp:navigation-link {"label":"Contacto","url":"https://josuecarvajal4.wordpress.com/contacto/","kind":"custom"} /-->

<!-- wp:navigation-link {"label":"Curriculum","url":"https://github.com/Jcprofession/Cv/blob/main/josue-carvajal-cv-2025.pdf","kind":"custom"} /-->]]></content:encoded>
  <excerpt:encoded><![CDATA[]]></excerpt:encoded>
  <wp:post_id>3</wp:post_id>
  <wp:post_date>2025-01-29 09:00:40</wp:post_date>
  <wp:post_date_gmt>2025-01-29 14:00:40</wp:post_date_gmt>
  <wp:post_modified>2025-02-14 11:51:56</wp:post_modified>
  <wp:post_modified_gmt>2025-02-14 16:51:56</wp:post_modified_gmt>
  <wp:comment_status>closed</wp:comment_status>
  <wp:ping_status>closed</wp:ping_status>
  <wp:post_name>navigation</wp:post_name>
  <wp:status>publish</wp:status>
  <wp:post_parent>0</wp:post_parent>
  <wp:menu_order>0</wp:menu_order>
  <wp:post_type>wp_navigation</wp:post_type>
  <wp:post_password/>
  <wp:is_sticky>0</wp:is_sticky>
</item>
<item>
  <title><![CDATA[Custom Styles]]></title>
  <link>https://josuecarvajal4.wordpress.com/2025/01/29/wp-global-styles-pub%2ftwentytwentyfive/</link>
  <pubDate>Wed, 29 Jan 2025 14:02:19 +0000</pubDate>
  <dc:creator>josueciz0403</dc:creator>
  <guid isPermaLink="false">https://josuecarvajal4.wordpress.com/2025/01/29/wp-global-styles-pub%2ftwentytwentyfive/</guid>
  <description/>
  <content:encoded><![CDATA[{"version":3,"isGlobalStylesUserThemeJSON":true}]]></content:encoded>
  <excerpt:encoded><![CDATA[]]></excerpt:encoded>
  <wp:post_id>4</wp:post_id>
  <wp:post_date>2025-01-29 09:02:19</wp:post_date>
  <wp:post_date_gmt>2025-01-29 14:02:19</wp:post_date_gmt>
  <wp:post_modified>2025-01-29 09:02:19</wp:post_modified>
  <wp:post_modified_gmt>2025-01-29 14:02:19</wp:post_modified_gmt>
  <wp:comment_status>closed</wp:comment_status>
  <wp:ping_status>closed</wp:ping_status>
  <wp:post_name>wp-global-styles-pub%2ftwentytwentyfive</wp:post_name>
  <wp:status>publish</wp:status>
  <wp:post_parent>0</wp:post_parent>
  <wp:menu_order>0</wp:menu_order>
  <wp:post_type>wp_global_styles</wp:post_type>
  <wp:post_password/>
  <wp:is_sticky>0</wp:is_sticky>
  <category domain="wp_theme" nicename="twentytwentyfive"><![CDATA[twentytwentyfive]]></category>
  <wp:postmeta>
    <wp:meta_key>_publicize_pending</wp:meta_key>
    <wp:meta_value><![CDATA[1]]></wp:meta_value>
  </wp:postmeta>
</item>
<item>
  <title><![CDATA[Inicio]]></title>
  <link>https://josuecarvajal4.wordpress.com/</link>
  <pubDate>Wed, 29 Jan 2025 14:08:00 +0000</pubDate>
  <dc:creator>josueciz0403</dc:creator>
  <guid isPermaLink="false">https://josuecarvajal4.wordpress.com/?page_id=5</guid>
  <description/>
  <content:encoded><![CDATA[<!-- wp:group {"metadata":{"name":"Header","categories":["header"],"patternName":"a8c/header-logo-left-menu-centered-social-right"},"align":"full","style":{"spacing":{"padding":{"top":"var:preset|spacing|30","bottom":"var:preset|spacing|30","left":"var(\u002d\u002dwp\u002d\u002dstyle\u002d\u002droot\u002d\u002dpadding-left, var(\u002d\u002dwp\u002d\u002dcustom\u002d\u002dgap\u002d\u002dhorizontal))","right":"var(\u002d\u002dwp\u002d\u002dstyle\u002d\u002droot\u002d\u002dpadding-right, var(\u002d\u002dwp\u002d\u002dcustom\u002d\u002dgap\u002d\u002dhorizontal))"},"margin":{"top":"0","bottom":"0"}}},"layout":{"type":"constrained","justifyContent":"center"}} -->
<div class="wp-block-group alignfull" style="margin-top:0;margin-bottom:0;padding-top:var(--wp--preset--spacing--30);padding-right:var(--wp--style--root--padding-right, var(--wp--custom--gap--horizontal));padding-bottom:var(--wp--preset--spacing--30);padding-left:var(--wp--style--root--padding-left, var(--wp--custom--gap--horizontal))"><!-- wp:group {"tagName":"header","metadata":{"name":"Contents"},"align":"wide","style":{"spacing":{"margin":{"top":"0","bottom":"0"},"blockGap":"var:preset|spacing|40"}},"layout":{"type":"flex","flexWrap":"nowrap","justifyContent":"space-between"}} -->
<header class="wp-block-group alignwide" style="margin-top:0;margin-bottom:0"><!-- wp:group {"className":"grow  md:grow-0","style":{"layout":{"selfStretch":"fixed","flexSize":"25%"}},"layout":{"type":"flex","flexWrap":"nowrap","justifyContent":"left"}} -->
<div class="wp-block-group grow md:grow-0"><!-- wp:site-title /--></div>
<!-- /wp:group -->

<!-- wp:navigation {"ref":3,"className":"order-1 md:order-0","style":{"layout":{"selfStretch":"fit","flexSize":null}},"layout":{"type":"flex","justifyContent":"center"}} /-->

<!-- wp:group {"className":"grow md:grow-0","style":{"spacing":{"blockGap":"var:preset|spacing|20"},"layout":{"selfStretch":"fixed","flexSize":"25%"}},"layout":{"type":"flex","flexWrap":"nowrap","justifyContent":"right"}} -->
<div class="wp-block-group grow md:grow-0"><!-- wp:social-links {"className":"is-style-logos-only","style":{"spacing":{"blockGap":{"left":"8px"}}},"layout":{"type":"flex","flexWrap":"nowrap"}} -->
<ul class="wp-block-social-links is-style-logos-only"><!-- wp:social-link {"url":"https://www.linkedin.com/in/josue-carvajal-zumba/","service":"linkedin"} /-->

<!-- wp:social-link {"url":"https://github.com/Jcprofession","service":"github"} /--></ul>
<!-- /wp:social-links --></div>
<!-- /wp:group --></header>
<!-- /wp:group --></div>
<!-- /wp:group -->

<!-- wp:media-text {"align":"full","mediaId":13,"mediaLink":"https://josuecarvajal4.wordpress.com/inicio/josue-carvajal-2/","mediaType":"image","imageFill":true} -->
<div class="wp-block-media-text alignfull is-stacked-on-mobile is-image-fill-element"><figure class="wp-block-media-text__media"><img src="https://josuecarvajal4.wordpress.com/wp-content/uploads/2025/01/josue-carvajal-2.jpeg?w=620" alt="" class="wp-image-13 size-full" style="object-position:50% 50%" /></figure><div class="wp-block-media-text__content"><!-- wp:cover {"overlayColor":"background","isUserOverlayColor":true,"minHeight":95,"minHeightUnit":"vh","className":"is-light"} -->
<div class="wp-block-cover is-light" style="min-height:95vh"><span aria-hidden="true" class="wp-block-cover__background has-background-background-color has-background-dim-100 has-background-dim"></span><div class="wp-block-cover__inner-container"><!-- wp:image {"id":14,"width":"143px","height":"auto","sizeSlug":"large","linkDestination":"none","align":"center","className":"is-resized is-style-rounded"} -->
<figure class="wp-block-image aligncenter size-large is-resized is-style-rounded"><img src="https://josuecarvajal4.wordpress.com/wp-content/uploads/2025/01/josue-carvajal-1-e1738160645567.jpeg?w=620" alt="" class="wp-image-14" style="width:143px;height:auto" /></figure>
<!-- /wp:image -->

<!-- wp:heading {"textAlign":"center","level":1,"style":{"elements":{"link":{"color":{"text":"var:preset|color|foreground"}}}},"textColor":"foreground"} -->
<h1 class="wp-block-heading has-text-align-center has-foreground-color has-text-color has-link-color">Josue Carvajal</h1>
<!-- /wp:heading -->

<!-- wp:paragraph {"align":"left","style":{"elements":{"link":{"color":{"text":"var:preset|color|primary"}}}},"backgroundColor":"background","textColor":"primary"} -->
<p class="has-text-align-left has-primary-color has-background-background-color has-text-color has-background has-link-color">Soy una persona proactiva, organizada<br>y responsable, con buenas relaciones<br>interpersonales.<br>Siempre tengo la mejor disposición para la<br>realización de mis labores. Mi mayor meta<br>siempre será dar lo mejor de mi</p>
<!-- /wp:paragraph -->

<!-- wp:paragraph {"align":"center","backgroundColor":"background"} -->
<p class="has-text-align-center has-background-background-color has-background"></p>
<!-- /wp:paragraph -->

<!-- wp:social-links {"align":"center","className":"is-style-default"} -->
<ul class="wp-block-social-links aligncenter is-style-default"><!-- wp:social-link {"url":"https://www.linkedin.com/in/josue-carvajal-zumba/","service":"linkedin"} /-->

<!-- wp:social-link {"url":"https://github.com/Jcprofession","service":"github"} /--></ul>
<!-- /wp:social-links --></div></div>
<!-- /wp:cover --></div></div>
<!-- /wp:media-text -->]]></content:encoded>
  <excerpt:encoded><![CDATA[]]></excerpt:encoded>
  <wp:post_id>5</wp:post_id>
  <wp:post_date>2025-01-29 09:08:00</wp:post_date>
  <wp:post_date_gmt>2025-01-29 14:08:00</wp:post_date_gmt>
  <wp:post_modified>2025-01-29 09:48:38</wp:post_modified>
  <wp:post_modified_gmt>2025-01-29 14:48:38</wp:post_modified_gmt>
  <wp:comment_status>closed</wp:comment_status>
  <wp:ping_status>closed</wp:ping_status>
  <wp:post_name>inicio</wp:post_name>
  <wp:status>publish</wp:status>
  <wp:post_parent>0</wp:post_parent>
  <wp:menu_order>0</wp:menu_order>
  <wp:post_type>page</wp:post_type>
  <wp:post_password/>
  <wp:is_sticky>0</wp:is_sticky>
  <wp:postmeta>
    <wp:meta_key>_tft_homepage_template</wp:meta_key>
    <wp:meta_value><![CDATA[pub/baker]]></wp:meta_value>
  </wp:postmeta>
  <wp:postmeta>
    <wp:meta_key>_publicize_pending</wp:meta_key>
    <wp:meta_value><![CDATA[1]]></wp:meta_value>
  </wp:postmeta>
  <wp:postmeta>
    <wp:meta_key>_elasticsearch_data_sharing_indexed_on</wp:meta_key>
    <wp:meta_value><![CDATA[2025-01-29 14:08:04]]></wp:meta_value>
  </wp:postmeta>
  <wp:postmeta>
    <wp:meta_key>_g_feedback_shortcode_e14ef65eafbfb7f3fa5ec723ee841b952a4611ba</wp:meta_key>
    <wp:meta_value><![CDATA[
				[contact-field label="Nombre" type="name"  required="true" /]
				[contact-field label="Correo electrónico" type="email" required="true" /]
				[contact-field label="Web" type="url" /]
				[contact-field label="Mensaje" type="textarea" /]]]></wp:meta_value>
  </wp:postmeta>
  <wp:postmeta>
    <wp:meta_key>_g_feedback_shortcode_atts_e14ef65eafbfb7f3fa5ec723ee841b952a4611ba</wp:meta_key>
    <wp:meta_value><![CDATA[a:17:{s:2:"to";s:22:"josueciz0403@gmail.com";s:7:"subject";s:24:"[Josué Carvajal] Inicio";s:12:"show_subject";s:2:"no";s:6:"widget";i:0;s:14:"block_template";N;s:19:"block_template_part";N;s:2:"id";i:5;s:18:"submit_button_text";s:6:"Enviar";s:14:"customThankyou";s:0:"";s:21:"customThankyouHeading";s:24:"Se ha enviado tu mensaje";s:21:"customThankyouMessage";s:24:"¡Gracias por tu envío!";s:22:"customThankyouRedirect";s:0:"";s:10:"jetpackCRM";b:1;s:9:"className";N;s:9:"postToUrl";N;s:14:"salesforceData";N;s:12:"hiddenFields";N;}]]></wp:meta_value>
  </wp:postmeta>
  <wp:postmeta>
    <wp:meta_key>_last_editor_used_jetpack</wp:meta_key>
    <wp:meta_value><![CDATA[block-editor]]></wp:meta_value>
  </wp:postmeta>
</item>
<item>
  <title><![CDATA[Blog]]></title>
  <link>https://josuecarvajal4.wordpress.com/blog/</link>
  <pubDate>Wed, 29 Jan 2025 14:08:01 +0000</pubDate>
  <dc:creator>josueciz0403</dc:creator>
  <guid isPermaLink="false">https://josuecarvajal4.wordpress.com/blog/</guid>
  <description/>
  <content:encoded><![CDATA[]]></content:encoded>
  <excerpt:encoded><![CDATA[]]></excerpt:encoded>
  <wp:post_id>7</wp:post_id>
  <wp:post_date>2025-01-29 09:08:01</wp:post_date>
  <wp:post_date_gmt>2025-01-29 14:08:01</wp:post_date_gmt>
  <wp:post_modified>2025-01-29 09:08:01</wp:post_modified>
  <wp:post_modified_gmt>2025-01-29 14:08:01</wp:post_modified_gmt>
  <wp:comment_status>closed</wp:comment_status>
  <wp:ping_status>closed</wp:ping_status>
  <wp:post_name>blog</wp:post_name>
  <wp:status>publish</wp:status>
  <wp:post_parent>0</wp:post_parent>
  <wp:menu_order>0</wp:menu_order>
  <wp:post_type>page</wp:post_type>
  <wp:post_password/>
  <wp:is_sticky>0</wp:is_sticky>
  <wp:postmeta>
    <wp:meta_key>_tft_posts_page</wp:meta_key>
    <wp:meta_value><![CDATA[1]]></wp:meta_value>
  </wp:postmeta>
  <wp:postmeta>
    <wp:meta_key>_publicize_pending</wp:meta_key>
    <wp:meta_value><![CDATA[1]]></wp:meta_value>
  </wp:postmeta>
  <wp:postmeta>
    <wp:meta_key>_elasticsearch_data_sharing_indexed_on</wp:meta_key>
    <wp:meta_value><![CDATA[2025-01-29 14:08:04]]></wp:meta_value>
  </wp:postmeta>
</item>
<item>
  <title><![CDATA[WhatsApp Image 2025-01-22 at 9.38.53 PM]]></title>
  <link>https://josuecarvajal4.wordpress.com/inicio/whatsapp-image-2025-01-22-at-9-38-53-pm/</link>
  <pubDate>Wed, 29 Jan 2025 14:12:32 +0000</pubDate>
  <dc:creator>josueciz0403</dc:creator>
  <guid isPermaLink="false">http://josuecarvajal4.files.wordpress.com/2025/01/whatsapp-image-2025-01-22-at-9.38.53-pm.jpeg</guid>
  <description/>
  <content:encoded><![CDATA[]]></content:encoded>
  <excerpt:encoded><![CDATA[]]></excerpt:encoded>
  <wp:post_id>8</wp:post_id>
  <wp:post_date>2025-01-29 09:12:32</wp:post_date>
  <wp:post_date_gmt>2025-01-29 14:12:32</wp:post_date_gmt>
  <wp:post_modified>2025-01-29 09:12:32</wp:post_modified>
  <wp:post_modified_gmt>2025-01-29 14:12:32</wp:post_modified_gmt>
  <wp:comment_status>open</wp:comment_status>
  <wp:ping_status>closed</wp:ping_status>
  <wp:post_name>whatsapp-image-2025-01-22-at-9-38-53-pm</wp:post_name>
  <wp:status>inherit</wp:status>
  <wp:post_parent>5</wp:post_parent>
  <wp:menu_order>0</wp:menu_order>
  <wp:post_type>attachment</wp:post_type>
  <wp:post_password/>
  <wp:is_sticky>0</wp:is_sticky>
  <wp:attachment_url>https://josuecarvajal4.wordpress.com/wp-content/uploads/2025/01/whatsapp-image-2025-01-22-at-9.38.53-pm-e1738160250873.jpeg</wp:attachment_url>
  <wp:postmeta>
    <wp:meta_key>_wp_attached_file</wp:meta_key>
    <wp:meta_value><![CDATA[/home/wpcom/public_html/wp-content/blogs.dir/456/241190612/files/2025/01/whatsapp-image-2025-01-22-at-9.38.53-pm-e1738160250873.jpeg]]></wp:meta_value>
  </wp:postmeta>
  <wp:postmeta>
    <wp:meta_key>_wp_attachment_metadata</wp:meta_key>
    <wp:meta_value><![CDATA[a:6:{s:5:"width";i:1312;s:6:"height";i:1477;s:4:"file";s:132:"/home/wpcom/public_html/wp-content/blogs.dir/456/241190612/files/2025/01/whatsapp-image-2025-01-22-at-9.38.53-pm-e1738160250873.jpeg";s:8:"filesize";i:251228;s:5:"sizes";a:0:{}s:10:"image_meta";a:12:{s:8:"aperture";s:1:"0";s:6:"credit";s:0:"";s:6:"camera";s:0:"";s:7:"caption";s:0:"";s:17:"created_timestamp";s:1:"0";s:9:"copyright";s:0:"";s:12:"focal_length";s:1:"0";s:3:"iso";s:1:"0";s:13:"shutter_speed";s:1:"0";s:5:"title";s:0:"";s:11:"orientation";s:1:"0";s:8:"keywords";a:0:{}}}]]></wp:meta_value>
  </wp:postmeta>
  <wp:postmeta>
    <wp:meta_key>_wp_attachment_backup_sizes</wp:meta_key>
    <wp:meta_value><![CDATA[a:1:{s:9:"full-orig";a:4:{s:5:"width";i:1488;s:6:"height";i:2686;s:8:"filesize";i:320775;s:4:"file";s:44:"whatsapp-image-2025-01-22-at-9.38.53-pm.jpeg";}}]]></wp:meta_value>
  </wp:postmeta>
</item>
<item>
  <title><![CDATA[Josue-carvajal]]></title>
  <link>https://josuecarvajal4.wordpress.com/inicio/josue-carvajal/</link>
  <pubDate>Wed, 29 Jan 2025 14:20:05 +0000</pubDate>
  <dc:creator>josueciz0403</dc:creator>
  <guid isPermaLink="false">http://josuecarvajal4.files.wordpress.com/2025/01/josue-carvajal.jpeg</guid>
  <description/>
  <content:encoded><![CDATA[]]></content:encoded>
  <excerpt:encoded><![CDATA[]]></excerpt:encoded>
  <wp:post_id>12</wp:post_id>
  <wp:post_date>2025-01-29 09:20:05</wp:post_date>
  <wp:post_date_gmt>2025-01-29 14:20:05</wp:post_date_gmt>
  <wp:post_modified>2025-01-29 09:20:05</wp:post_modified>
  <wp:post_modified_gmt>2025-01-29 14:20:05</wp:post_modified_gmt>
  <wp:comment_status>open</wp:comment_status>
  <wp:ping_status>closed</wp:ping_status>
  <wp:post_name>josue-carvajal</wp:post_name>
  <wp:status>inherit</wp:status>
  <wp:post_parent>5</wp:post_parent>
  <wp:menu_order>0</wp:menu_order>
  <wp:post_type>attachment</wp:post_type>
  <wp:post_password/>
  <wp:is_sticky>0</wp:is_sticky>
  <wp:attachment_url>https://josuecarvajal4.wordpress.com/wp-content/uploads/2025/01/josue-carvajal-e1738160440814.jpeg</wp:attachment_url>
  <wp:postmeta>
    <wp:meta_key>_wp_attached_file</wp:meta_key>
    <wp:meta_value><![CDATA[/home/wpcom/public_html/wp-content/blogs.dir/456/241190612/files/2025/01/josue-carvajal-e1738160440814.jpeg]]></wp:meta_value>
  </wp:postmeta>
  <wp:postmeta>
    <wp:meta_key>_wp_attachment_metadata</wp:meta_key>
    <wp:meta_value><![CDATA[a:6:{s:5:"width";i:1307;s:6:"height";i:1540;s:4:"file";s:107:"/home/wpcom/public_html/wp-content/blogs.dir/456/241190612/files/2025/01/josue-carvajal-e1738160440814.jpeg";s:8:"filesize";i:266419;s:5:"sizes";a:0:{}s:10:"image_meta";a:12:{s:8:"aperture";s:1:"0";s:6:"credit";s:0:"";s:6:"camera";s:0:"";s:7:"caption";s:0:"";s:17:"created_timestamp";s:1:"0";s:9:"copyright";s:0:"";s:12:"focal_length";s:1:"0";s:3:"iso";s:1:"0";s:13:"shutter_speed";s:1:"0";s:5:"title";s:0:"";s:11:"orientation";s:1:"0";s:8:"keywords";a:0:{}}}]]></wp:meta_value>
  </wp:postmeta>
  <wp:postmeta>
    <wp:meta_key>_wp_attachment_backup_sizes</wp:meta_key>
    <wp:meta_value><![CDATA[a:1:{s:9:"full-orig";a:4:{s:5:"width";i:1488;s:6:"height";i:2686;s:8:"filesize";i:320775;s:4:"file";s:19:"josue-carvajal.jpeg";}}]]></wp:meta_value>
  </wp:postmeta>
</item>
<item>
  <title><![CDATA[Josue-carvajal (2)]]></title>
  <link>https://josuecarvajal4.wordpress.com/inicio/josue-carvajal-2/</link>
  <pubDate>Wed, 29 Jan 2025 14:23:25 +0000</pubDate>
  <dc:creator>josueciz0403</dc:creator>
  <guid isPermaLink="false">http://josuecarvajal4.files.wordpress.com/2025/01/josue-carvajal-2.jpeg</guid>
  <description/>
  <content:encoded><![CDATA[]]></content:encoded>
  <excerpt:encoded><![CDATA[]]></excerpt:encoded>
  <wp:post_id>13</wp:post_id>
  <wp:post_date>2025-01-29 09:23:25</wp:post_date>
  <wp:post_date_gmt>2025-01-29 14:23:25</wp:post_date_gmt>
  <wp:post_modified>2025-01-29 09:23:25</wp:post_modified>
  <wp:post_modified_gmt>2025-01-29 14:23:25</wp:post_modified_gmt>
  <wp:comment_status>open</wp:comment_status>
  <wp:ping_status>closed</wp:ping_status>
  <wp:post_name>josue-carvajal-2</wp:post_name>
  <wp:status>inherit</wp:status>
  <wp:post_parent>5</wp:post_parent>
  <wp:menu_order>0</wp:menu_order>
  <wp:post_type>attachment</wp:post_type>
  <wp:post_password/>
  <wp:is_sticky>0</wp:is_sticky>
  <wp:attachment_url>https://josuecarvajal4.wordpress.com/wp-content/uploads/2025/01/josue-carvajal-2.jpeg</wp:attachment_url>
  <wp:postmeta>
    <wp:meta_key>_wp_attached_file</wp:meta_key>
    <wp:meta_value><![CDATA[/home/wpcom/public_html/wp-content/blogs.dir/456/241190612/files/2025/01/josue-carvajal-2.jpeg]]></wp:meta_value>
  </wp:postmeta>
  <wp:postmeta>
    <wp:meta_key>_wp_attachment_metadata</wp:meta_key>
    <wp:meta_value><![CDATA[a:6:{s:5:"width";i:3048;s:6:"height";i:4064;s:4:"file";s:94:"/home/wpcom/public_html/wp-content/blogs.dir/456/241190612/files/2025/01/josue-carvajal-2.jpeg";s:8:"filesize";i:462567;s:5:"sizes";a:0:{}s:10:"image_meta";a:12:{s:8:"aperture";s:1:"0";s:6:"credit";s:0:"";s:6:"camera";s:0:"";s:7:"caption";s:0:"";s:17:"created_timestamp";s:1:"0";s:9:"copyright";s:0:"";s:12:"focal_length";s:1:"0";s:3:"iso";s:1:"0";s:13:"shutter_speed";s:1:"0";s:5:"title";s:0:"";s:11:"orientation";s:1:"0";s:8:"keywords";a:0:{}}}]]></wp:meta_value>
  </wp:postmeta>
</item>
<item>
  <title><![CDATA[Josue-carvajal]]></title>
  <link>https://josuecarvajal4.wordpress.com/inicio/josue-carvajal-3/</link>
  <pubDate>Wed, 29 Jan 2025 14:23:43 +0000</pubDate>
  <dc:creator>josueciz0403</dc:creator>
  <guid isPermaLink="false">http://josuecarvajal4.files.wordpress.com/2025/01/josue-carvajal-1.jpeg</guid>
  <description/>
  <content:encoded><![CDATA[]]></content:encoded>
  <excerpt:encoded><![CDATA[]]></excerpt:encoded>
  <wp:post_id>14</wp:post_id>
  <wp:post_date>2025-01-29 09:23:43</wp:post_date>
  <wp:post_date_gmt>2025-01-29 14:23:43</wp:post_date_gmt>
  <wp:post_modified>2025-01-29 09:23:43</wp:post_modified>
  <wp:post_modified_gmt>2025-01-29 14:23:43</wp:post_modified_gmt>
  <wp:comment_status>open</wp:comment_status>
  <wp:ping_status>closed</wp:ping_status>
  <wp:post_name>josue-carvajal-3</wp:post_name>
  <wp:status>inherit</wp:status>
  <wp:post_parent>5</wp:post_parent>
  <wp:menu_order>0</wp:menu_order>
  <wp:post_type>attachment</wp:post_type>
  <wp:post_password/>
  <wp:is_sticky>0</wp:is_sticky>
  <wp:attachment_url>https://josuecarvajal4.wordpress.com/wp-content/uploads/2025/01/josue-carvajal-1-e1738160645567.jpeg</wp:attachment_url>
  <wp:postmeta>
    <wp:meta_key>_wp_attached_file</wp:meta_key>
    <wp:meta_value><![CDATA[/home/wpcom/public_html/wp-content/blogs.dir/456/241190612/files/2025/01/josue-carvajal-1-e1738160645567.jpeg]]></wp:meta_value>
  </wp:postmeta>
  <wp:postmeta>
    <wp:meta_key>_wp_attachment_metadata</wp:meta_key>
    <wp:meta_value><![CDATA[a:6:{s:5:"width";i:1347;s:6:"height";i:1544;s:4:"file";s:109:"/home/wpcom/public_html/wp-content/blogs.dir/456/241190612/files/2025/01/josue-carvajal-1-e1738160645567.jpeg";s:8:"filesize";i:280285;s:5:"sizes";a:0:{}s:10:"image_meta";a:12:{s:8:"aperture";s:1:"0";s:6:"credit";s:0:"";s:6:"camera";s:0:"";s:7:"caption";s:0:"";s:17:"created_timestamp";s:1:"0";s:9:"copyright";s:0:"";s:12:"focal_length";s:1:"0";s:3:"iso";s:1:"0";s:13:"shutter_speed";s:1:"0";s:5:"title";s:0:"";s:11:"orientation";s:1:"0";s:8:"keywords";a:0:{}}}]]></wp:meta_value>
  </wp:postmeta>
  <wp:postmeta>
    <wp:meta_key>_wp_attachment_backup_sizes</wp:meta_key>
    <wp:meta_value><![CDATA[a:1:{s:9:"full-orig";a:4:{s:5:"width";i:1488;s:6:"height";i:2686;s:8:"filesize";i:320775;s:4:"file";s:21:"josue-carvajal-1.jpeg";}}]]></wp:meta_value>
  </wp:postmeta>
</item>
<item>
  <title><![CDATA[Contacto]]></title>
  <link>https://josuecarvajal4.wordpress.com/contacto/</link>
  <pubDate>Wed, 12 Feb 2025 14:35:06 +0000</pubDate>
  <dc:creator>josueciz0403</dc:creator>
  <guid isPermaLink="false">https://josuecarvajal4.wordpress.com/?page_id=46</guid>
  <description/>
  <content:encoded><![CDATA[<!-- wp:group {"metadata":{"name":"Contact"},"align":"full","style":{"spacing":{"margin":{"top":"0","bottom":"0"},"padding":{"top":"var:preset|spacing|50","bottom":"var:preset|spacing|50"}}},"layout":{"type":"constrained","justifyContent":"center"}} -->
<div class="wp-block-group alignfull" style="margin-top:0;margin-bottom:0;padding-top:var(--wp--preset--spacing--50);padding-bottom:var(--wp--preset--spacing--50)"><!-- wp:group {"tagName":"header","metadata":{"name":"Contents"},"align":"wide","style":{"spacing":{"margin":{"top":"0","bottom":"0"},"blockGap":"var:preset|spacing|40"}},"layout":{"type":"flex","flexWrap":"nowrap","justifyContent":"space-between"}} -->
<header class="wp-block-group alignwide" style="margin-top:0;margin-bottom:0"><!-- wp:group {"className":"grow  md:grow-0","style":{"layout":{"selfStretch":"fixed","flexSize":"25%"}},"layout":{"type":"flex","flexWrap":"nowrap","justifyContent":"left"}} -->
<div class="wp-block-group grow md:grow-0"><!-- wp:site-title /--></div>
<!-- /wp:group -->

<!-- wp:navigation {"ref":3,"className":"order-1 md:order-0","style":{"layout":{"selfStretch":"fit","flexSize":null}},"layout":{"type":"flex","justifyContent":"center"}} /-->

<!-- wp:group {"className":"grow md:grow-0","style":{"spacing":{"blockGap":"var:preset|spacing|20"},"layout":{"selfStretch":"fixed","flexSize":"25%"}},"layout":{"type":"flex","flexWrap":"nowrap","justifyContent":"right"}} -->
<div class="wp-block-group grow md:grow-0"><!-- wp:social-links {"className":"is-style-logos-only","style":{"spacing":{"blockGap":{"left":"8px"}}},"layout":{"type":"flex","flexWrap":"nowrap"}} -->
<ul class="wp-block-social-links is-style-logos-only"><!-- wp:social-link {"url":"#","service":"facebook"} /-->

<!-- wp:social-link {"url":"#","service":"instagram"} /--></ul>
<!-- /wp:social-links --></div>
<!-- /wp:group --></header>
<!-- /wp:group -->

<!-- wp:columns {"align":"wide"} -->
<div class="wp-block-columns alignwide"><!-- wp:column {"verticalAlignment":"center","width":""} -->
<div class="wp-block-column is-vertically-aligned-center"><!-- wp:heading {"fontSize":"x-large"} -->
<h2 class="wp-block-heading has-x-large-font-size">Contacto</h2>
<!-- /wp:heading -->

<!-- wp:paragraph {"className":"is-contact-description"} -->
<p class="is-contact-description">Navegando por el intrincado tejido de la vida, las elecciones despliegan caminos hacia lo extraordinario, exigiendo creatividad, curiosidad y valentía para un viaje verdaderamente satisfactorio.</p>
<!-- /wp:paragraph -->

<!-- wp:spacer {"height":"calc( 0.25 * var(\u002d\u002dwp\u002d\u002dstyle\u002d\u002droot\u002d\u002dpadding-right, var(\u002d\u002dwp\u002d\u002dcustom\u002d\u002dgap\u002d\u002dhorizontal)))"} -->
<div style="height:calc( 0.25 * var(--wp--style--root--padding-right, var(--wp--custom--gap--horizontal)))" aria-hidden="true" class="wp-block-spacer"></div>
<!-- /wp:spacer -->

<!-- wp:jetpack/contact-form {"subject":"","to":"","className":"is-style-default","textColor":"primary","style":{"elements":{"link":{"color":{"text":"var:preset|color|primary"}}}}} -->
<div class="wp-block-jetpack-contact-form is-style-default has-primary-color has-text-color has-link-color"><!-- wp:jetpack/field-name {"required":true,"borderRadius":5,"borderWidth":1} /-->

<!-- wp:jetpack/field-email {"required":true,"borderRadius":5,"borderWidth":1} /-->

<!-- wp:jetpack/field-textarea {"label":"Mensaje","borderRadius":5,"borderWidth":1} /-->

<!-- wp:jetpack/button {"element":"button","text":"Enviar","width":"","lock":{"remove":true}} /--></div>
<!-- /wp:jetpack/contact-form --></div>
<!-- /wp:column -->

<!-- wp:column -->
<div class="wp-block-column"><!-- wp:image {"lightbox":{"enabled":false},"id":52,"aspectRatio":"3/4","scale":"cover","sizeSlug":"full","linkDestination":"none"} -->
<figure class="wp-block-image size-full"><img src="https://josuecarvajal4.wordpress.com/wp-content/uploads/2025/02/pexels-jep-gambardella-7689684.jpg" alt="" class="wp-image-52" style="aspect-ratio:3/4;object-fit:cover" /></figure>
<!-- /wp:image -->

<!-- wp:group {"metadata":{"name":"Header","categories":["header"],"patternName":"a8c/header-logo-left-menu-centered-social-right"},"align":"full","style":{"spacing":{"padding":{"top":"var:preset|spacing|30","bottom":"var:preset|spacing|30","left":"var(\u002d\u002dwp\u002d\u002dstyle\u002d\u002droot\u002d\u002dpadding-left, var(\u002d\u002dwp\u002d\u002dcustom\u002d\u002dgap\u002d\u002dhorizontal))","right":"var(\u002d\u002dwp\u002d\u002dstyle\u002d\u002droot\u002d\u002dpadding-right, var(\u002d\u002dwp\u002d\u002dcustom\u002d\u002dgap\u002d\u002dhorizontal))"},"margin":{"top":"0","bottom":"0"}}},"layout":{"type":"constrained","justifyContent":"center"}} -->
<div class="wp-block-group alignfull" style="margin-top:0;margin-bottom:0;padding-top:var(--wp--preset--spacing--30);padding-right:var(--wp--style--root--padding-right, var(--wp--custom--gap--horizontal));padding-bottom:var(--wp--preset--spacing--30);padding-left:var(--wp--style--root--padding-left, var(--wp--custom--gap--horizontal))"></div>
<!-- /wp:group --></div>
<!-- /wp:column --></div>
<!-- /wp:columns --></div>
<!-- /wp:group -->

<!-- wp:html -->
[googlemaps https://www.google.com/maps/embed?pb=!1m18!1m12!1m3!1d3989.8036259199926!2d-78.49096462596043!3d-0.1555025354336338!2m3!1f0!2f0!3f0!3m2!1i1024!2i768!4f13.1!3m3!1m2!1s0x91d59aba9e05e6a1%3A0x606478970ed82284!2sInstituto%20Superior%20Tecnol%C3%B3gico%20Cordillera!5e0!3m2!1ses!2sec!4v1739371898163!5m2!1ses!2sec&amp;w=600&amp;h=450]
<!-- /wp:html -->

<!-- wp:paragraph -->
<p></p>
<!-- /wp:paragraph -->]]></content:encoded>
  <excerpt:encoded><![CDATA[]]></excerpt:encoded>
  <wp:post_id>46</wp:post_id>
  <wp:post_date>2025-02-12 09:35:06</wp:post_date>
  <wp:post_date_gmt>2025-02-12 14:35:06</wp:post_date_gmt>
  <wp:post_modified>2025-02-12 09:55:39</wp:post_modified>
  <wp:post_modified_gmt>2025-02-12 14:55:39</wp:post_modified_gmt>
  <wp:comment_status>closed</wp:comment_status>
  <wp:ping_status>closed</wp:ping_status>
  <wp:post_name>contacto</wp:post_name>
  <wp:status>publish</wp:status>
  <wp:post_parent>0</wp:post_parent>
  <wp:menu_order>0</wp:menu_order>
  <wp:post_type>page</wp:post_type>
  <wp:post_password/>
  <wp:is_sticky>0</wp:is_sticky>
  <wp:postmeta>
    <wp:meta_key>_g_feedback_shortcode_0977419c0be90d69413770acfb40f6891e37477e</wp:meta_key>
    <wp:meta_value><![CDATA[
				[contact-field label="Nombre" type="name"  required="true" /]
				[contact-field label="Correo electrónico" type="email" required="true" /]
				[contact-field label="Web" type="url" /]
				[contact-field label="Mensaje" type="textarea" /]]]></wp:meta_value>
  </wp:postmeta>
  <wp:postmeta>
    <wp:meta_key>_g_feedback_shortcode_atts_0977419c0be90d69413770acfb40f6891e37477e</wp:meta_key>
    <wp:meta_value><![CDATA[a:17:{s:2:"to";s:22:"josueciz0403@gmail.com";s:7:"subject";s:26:"[Josué Carvajal] Contacto";s:12:"show_subject";s:2:"no";s:6:"widget";i:0;s:14:"block_template";N;s:19:"block_template_part";N;s:2:"id";i:46;s:18:"submit_button_text";s:6:"Enviar";s:14:"customThankyou";s:0:"";s:21:"customThankyouHeading";s:24:"Se ha enviado tu mensaje";s:21:"customThankyouMessage";s:24:"¡Gracias por tu envío!";s:22:"customThankyouRedirect";s:0:"";s:10:"jetpackCRM";b:1;s:9:"className";N;s:9:"postToUrl";N;s:14:"salesforceData";N;s:12:"hiddenFields";N;}]]></wp:meta_value>
  </wp:postmeta>
  <wp:postmeta>
    <wp:meta_key>_last_editor_used_jetpack</wp:meta_key>
    <wp:meta_value><![CDATA[block-editor]]></wp:meta_value>
  </wp:postmeta>
  <wp:postmeta>
    <wp:meta_key>_publicize_pending</wp:meta_key>
    <wp:meta_value><![CDATA[1]]></wp:meta_value>
  </wp:postmeta>
  <wp:postmeta>
    <wp:meta_key>advanced_seo_description</wp:meta_key>
    <wp:meta_value><![CDATA[]]></wp:meta_value>
  </wp:postmeta>
  <wp:postmeta>
    <wp:meta_key>jetpack_seo_html_title</wp:meta_key>
    <wp:meta_value><![CDATA[]]></wp:meta_value>
  </wp:postmeta>
  <wp:postmeta>
    <wp:meta_key>jetpack_seo_noindex</wp:meta_key>
    <wp:meta_value><![CDATA[]]></wp:meta_value>
  </wp:postmeta>
  <wp:postmeta>
    <wp:meta_key>_jetpack_post_was_ever_published</wp:meta_key>
    <wp:meta_value><![CDATA[]]></wp:meta_value>
  </wp:postmeta>
  <wp:postmeta>
    <wp:meta_key>reader_suggested_tags</wp:meta_key>
    <wp:meta_value><![CDATA[]]></wp:meta_value>
  </wp:postmeta>
  <wp:postmeta>
    <wp:meta_key>_starter_page_template</wp:meta_key>
    <wp:meta_value><![CDATA[contact-tall-image-with-form]]></wp:meta_value>
  </wp:postmeta>
  <wp:postmeta>
    <wp:meta_key>_wpcom_template_layout_category</wp:meta_key>
    <wp:meta_value><![CDATA[a:1:{i:0;s:7:"contact";}]]></wp:meta_value>
  </wp:postmeta>
  <wp:postmeta>
    <wp:meta_key>footnotes</wp:meta_key>
    <wp:meta_value><![CDATA[]]></wp:meta_value>
  </wp:postmeta>
  <wp:postmeta>
    <wp:meta_key>_g_feedback_shortcode_a0b1272d1fb6a2c3346f9aad5d52a9452d67e25c</wp:meta_key>
    <wp:meta_value><![CDATA[
<div class="wp-block-jetpack-contact-form is-style-default has-primary-color has-text-color has-link-color">[contact-field required="1" borderRadius="5" borderWidth="1" type="name" label="Nombre"/]

[contact-field required="1" borderRadius="5" borderWidth="1" type="email" label="Correo electrónico"/]

[contact-field label="Mensaje" borderRadius="5" borderWidth="1" type="textarea"/]

<div class="wp-block-jetpack-button wp-block-button" style="width: ;"><button class="wp-block-button__link" style="" data-id-attr="placeholder" type="submit">Enviar</button></div></div>
]]></wp:meta_value>
  </wp:postmeta>
  <wp:postmeta>
    <wp:meta_key>_g_feedback_shortcode_atts_a0b1272d1fb6a2c3346f9aad5d52a9452d67e25c</wp:meta_key>
    <wp:meta_value><![CDATA[a:17:{s:2:"to";s:0:"";s:7:"subject";s:0:"";s:12:"show_subject";s:2:"no";s:6:"widget";i:0;s:14:"block_template";N;s:19:"block_template_part";N;s:2:"id";i:46;s:18:"submit_button_text";s:6:"Enviar";s:14:"customThankyou";s:0:"";s:21:"customThankyouHeading";s:24:"Se ha enviado tu mensaje";s:21:"customThankyouMessage";s:24:"¡Gracias por tu envío!";s:22:"customThankyouRedirect";s:0:"";s:10:"jetpackCRM";b:1;s:9:"className";s:61:"is-style-default wp-elements-f6026d562b4475b6272f1a53f3a50923";s:9:"postToUrl";N;s:14:"salesforceData";N;s:12:"hiddenFields";N;}]]></wp:meta_value>
  </wp:postmeta>
  <wp:postmeta>
    <wp:meta_key>_elasticsearch_data_sharing_indexed_on</wp:meta_key>
    <wp:meta_value><![CDATA[2025-02-12 14:34:40]]></wp:meta_value>
  </wp:postmeta>
  <wp:postmeta>
    <wp:meta_key>_oembed_f6fe2349972825066a87d58645e65183</wp:meta_key>
    <wp:meta_value><![CDATA[{{unknown}}]]></wp:meta_value>
  </wp:postmeta>
</item>
<item>
  <title><![CDATA[pexels-jep-gambardella-7689684 (1)]]></title>
  <link>https://josuecarvajal4.wordpress.com/contacto/pexels-jep-gambardella-7689684-1/</link>
  <pubDate>Wed, 12 Feb 2025 14:53:19 +0000</pubDate>
  <dc:creator>josueciz0403</dc:creator>
  <guid isPermaLink="false">http://josuecarvajal4.files.wordpress.com/2025/02/pexels-jep-gambardella-7689684-1.jpg</guid>
  <description/>
  <content:encoded><![CDATA[]]></content:encoded>
  <excerpt:encoded><![CDATA[]]></excerpt:encoded>
  <wp:post_id>51</wp:post_id>
  <wp:post_date>2025-02-12 09:53:19</wp:post_date>
  <wp:post_date_gmt>2025-02-12 14:53:19</wp:post_date_gmt>
  <wp:post_modified>2025-02-12 09:53:19</wp:post_modified>
  <wp:post_modified_gmt>2025-02-12 14:53:19</wp:post_modified_gmt>
  <wp:comment_status>open</wp:comment_status>
  <wp:ping_status>closed</wp:ping_status>
  <wp:post_name>pexels-jep-gambardella-7689684-1</wp:post_name>
  <wp:status>inherit</wp:status>
  <wp:post_parent>46</wp:post_parent>
  <wp:menu_order>0</wp:menu_order>
  <wp:post_type>attachment</wp:post_type>
  <wp:post_password/>
  <wp:is_sticky>0</wp:is_sticky>
  <wp:attachment_url>https://josuecarvajal4.wordpress.com/wp-content/uploads/2025/02/pexels-jep-gambardella-7689684-1.jpg</wp:attachment_url>
  <wp:postmeta>
    <wp:meta_key>_wp_attached_file</wp:meta_key>
    <wp:meta_value><![CDATA[/home/wpcom/public_html/wp-content/blogs.dir/456/241190612/files/2025/02/pexels-jep-gambardella-7689684-1.jpg]]></wp:meta_value>
  </wp:postmeta>
  <wp:postmeta>
    <wp:meta_key>_wp_attachment_metadata</wp:meta_key>
    <wp:meta_value><![CDATA[a:6:{s:5:"width";i:6720;s:6:"height";i:4480;s:4:"file";s:109:"/home/wpcom/public_html/wp-content/blogs.dir/456/241190612/files/2025/02/pexels-jep-gambardella-7689684-1.jpg";s:8:"filesize";i:1195267;s:5:"sizes";a:0:{}s:10:"image_meta";a:12:{s:8:"aperture";s:1:"0";s:6:"credit";s:0:"";s:6:"camera";s:0:"";s:7:"caption";s:0:"";s:17:"created_timestamp";s:1:"0";s:9:"copyright";s:0:"";s:12:"focal_length";s:1:"0";s:3:"iso";s:1:"0";s:13:"shutter_speed";s:1:"0";s:5:"title";s:0:"";s:11:"orientation";s:1:"1";s:8:"keywords";a:0:{}}}]]></wp:meta_value>
  </wp:postmeta>
</item>
<item>
  <title><![CDATA[pexels-jep-gambardella-7689684]]></title>
  <link>https://josuecarvajal4.wordpress.com/contacto/pexels-jep-gambardella-7689684/</link>
  <pubDate>Wed, 12 Feb 2025 14:53:40 +0000</pubDate>
  <dc:creator>josueciz0403</dc:creator>
  <guid isPermaLink="false">http://josuecarvajal4.files.wordpress.com/2025/02/pexels-jep-gambardella-7689684.jpg</guid>
  <description/>
  <content:encoded><![CDATA[]]></content:encoded>
  <excerpt:encoded><![CDATA[]]></excerpt:encoded>
  <wp:post_id>52</wp:post_id>
  <wp:post_date>2025-02-12 09:53:40</wp:post_date>
  <wp:post_date_gmt>2025-02-12 14:53:40</wp:post_date_gmt>
  <wp:post_modified>2025-02-12 09:53:40</wp:post_modified>
  <wp:post_modified_gmt>2025-02-12 14:53:40</wp:post_modified_gmt>
  <wp:comment_status>open</wp:comment_status>
  <wp:ping_status>closed</wp:ping_status>
  <wp:post_name>pexels-jep-gambardella-7689684</wp:post_name>
  <wp:status>inherit</wp:status>
  <wp:post_parent>46</wp:post_parent>
  <wp:menu_order>0</wp:menu_order>
  <wp:post_type>attachment</wp:post_type>
  <wp:post_password/>
  <wp:is_sticky>0</wp:is_sticky>
  <wp:attachment_url>https://josuecarvajal4.wordpress.com/wp-content/uploads/2025/02/pexels-jep-gambardella-7689684.jpg</wp:attachment_url>
  <wp:postmeta>
    <wp:meta_key>_wp_attached_file</wp:meta_key>
    <wp:meta_value><![CDATA[/home/wpcom/public_html/wp-content/blogs.dir/456/241190612/files/2025/02/pexels-jep-gambardella-7689684.jpg]]></wp:meta_value>
  </wp:postmeta>
  <wp:postmeta>
    <wp:meta_key>_wp_attachment_metadata</wp:meta_key>
    <wp:meta_value><![CDATA[a:6:{s:5:"width";i:6720;s:6:"height";i:4480;s:4:"file";s:107:"/home/wpcom/public_html/wp-content/blogs.dir/456/241190612/files/2025/02/pexels-jep-gambardella-7689684.jpg";s:8:"filesize";i:3158347;s:5:"sizes";a:0:{}s:10:"image_meta";a:12:{s:8:"aperture";s:1:"0";s:6:"credit";s:0:"";s:6:"camera";s:0:"";s:7:"caption";s:0:"";s:17:"created_timestamp";s:1:"0";s:9:"copyright";s:0:"";s:12:"focal_length";s:1:"0";s:3:"iso";s:1:"0";s:13:"shutter_speed";s:1:"0";s:5:"title";s:0:"";s:11:"orientation";s:1:"0";s:8:"keywords";a:0:{}}}]]></wp:meta_value>
  </wp:postmeta>
</item>
<item>
  <title><![CDATA[Portafolio]]></title>
  <link>https://josuecarvajal4.wordpress.com/portafolio/</link>
  <pubDate>Fri, 14 Feb 2025 15:16:31 +0000</pubDate>
  <dc:creator>josueciz0403</dc:creator>
  <guid isPermaLink="false">https://josuecarvajal4.wordpress.com/?page_id=56</guid>
  <description/>
  <content:encoded><![CDATA[<!-- wp:group {"metadata":{"categories":["intro"],"name":"Intro","patternName":"assembler/intro-4"},"align":"full","className":"alignfull","style":{"spacing":{"margin":{"top":"0","bottom":"0"},"padding":{"top":"var:preset|spacing|40","bottom":"var:preset|spacing|40"}}},"layout":{"type":"constrained","justifyContent":"center"}} -->
<div class="wp-block-group alignfull" style="margin-top:0;margin-bottom:0;padding-top:var(--wp--preset--spacing--40);padding-bottom:var(--wp--preset--spacing--40)"><!-- wp:columns {"verticalAlignment":"center","align":"wide"} -->
<div class="wp-block-columns alignwide are-vertically-aligned-center"><!-- wp:column {"verticalAlignment":"center","layout":{"type":"constrained","contentSize":"420px","justifyContent":"left"}} -->
<div class="wp-block-column is-vertically-aligned-center"><!-- wp:heading -->
<h2 class="wp-block-heading">Sitio web HTML de Maca Personal</h2>
<!-- /wp:heading -->

<!-- wp:paragraph -->
<p>Navegando por el intrincado tejido de la vida, las elecciones despliegan caminos hacia lo extraordinario, exigiendo creatividad, curiosidad y valentía para un viaje verdaderamente satisfactorio.</p>
<!-- /wp:paragraph -->

<!-- wp:buttons -->
<div class="wp-block-buttons"><!-- wp:button -->
<div class="wp-block-button"><a class="wp-block-button__link wp-element-button" href="https://github.com/Jcprofession/Dejavu/tree/main/josue_carvajal_dejavu">Ver Mas...</a></div>
<!-- /wp:button --></div>
<!-- /wp:buttons --></div>
<!-- /wp:column -->

<!-- wp:column {"verticalAlignment":"center"} -->
<div class="wp-block-column is-vertically-aligned-center"><!-- wp:image {"id":64,"aspectRatio":"1","scale":"cover","sizeSlug":"full","linkDestination":"none"} -->
<figure class="wp-block-image size-full"><img src="https://josuecarvajal4.wordpress.com/wp-content/uploads/2025/02/sgaykgwtmmr-1.png" alt="" class="wp-image-64" style="aspect-ratio:1;object-fit:cover" /></figure>
<!-- /wp:image --></div>
<!-- /wp:column --></div>
<!-- /wp:columns --></div>
<!-- /wp:group -->

<!-- wp:group {"metadata":{"categories":["services"],"name":"Services","patternName":"assembler/services-2"},"align":"full","className":"alignfull is-style-section-1","style":{"spacing":{"margin":{"top":"0","bottom":"0"},"blockGap":"var:preset|spacing|30","padding":{"top":"var:preset|spacing|40","bottom":"var:preset|spacing|40"}}},"layout":{"type":"constrained","justifyContent":"center"}} -->
<div class="wp-block-group alignfull is-style-section-1" style="margin-top:0;margin-bottom:0;padding-top:var(--wp--preset--spacing--40);padding-bottom:var(--wp--preset--spacing--40)"><!-- wp:columns {"align":"wide","style":{"spacing":{"blockGap":{"top":"var:preset|spacing|60","left":"var:preset|spacing|20"}}}} -->
<div class="wp-block-columns alignwide"><!-- wp:column {"style":{"spacing":{"blockGap":"0"}}} -->
<div class="wp-block-column"><!-- wp:group {"style":{"spacing":{"blockGap":"var:preset|spacing|30"}},"layout":{"type":"flex","orientation":"vertical","flexWrap":"nowrap"}} -->
<div class="wp-block-group"><!-- wp:image {"id":65,"aspectRatio":"1","scale":"cover","sizeSlug":"large","linkDestination":"none","style":{"color":{"duotone":"unset"}}} -->
<figure class="wp-block-image size-large"><img src="https://josuecarvajal4.wordpress.com/wp-content/uploads/2025/02/304ea7334ca.png?w=600" alt="" class="wp-image-65" style="aspect-ratio:1;object-fit:cover" /></figure>
<!-- /wp:image -->

<!-- wp:group {"style":{"spacing":{"blockGap":"8px"}},"layout":{"type":"flex","orientation":"vertical","flexWrap":"nowrap"}} -->
<div class="wp-block-group"><!-- wp:heading {"level":3} -->
<h3 class="wp-block-heading">Blog: Voces del asfalto</h3>
<!-- /wp:heading -->

<!-- wp:paragraph {"style":{"typography":{"fontSize":"20px"}}} -->
<p style="font-size:20px">CMS: Blogger</p>
<!-- /wp:paragraph -->

<!-- wp:paragraph -->
<p>Blog realizado desde 0 con ciertas etiquetas, eligiendo un tema de agrado personal.</p>
<!-- /wp:paragraph -->

<!-- wp:buttons -->
<div class="wp-block-buttons"><!-- wp:button -->
<div class="wp-block-button"><a class="wp-block-button__link wp-element-button" href="https://voces-del-asfalto.blogspot.com/">Ver Mas...</a></div>
<!-- /wp:button --></div>
<!-- /wp:buttons --></div>
<!-- /wp:group --></div>
<!-- /wp:group --></div>
<!-- /wp:column -->

<!-- wp:column {"style":{"spacing":{"blockGap":"0"}}} -->
<div class="wp-block-column"><!-- wp:group {"style":{"spacing":{"blockGap":"var:preset|spacing|30"}},"layout":{"type":"flex","orientation":"vertical"}} -->
<div class="wp-block-group"><!-- wp:image {"id":66,"aspectRatio":"1","scale":"cover","sizeSlug":"large","linkDestination":"none","style":{"color":{"duotone":"unset"}}} -->
<figure class="wp-block-image size-large"><img src="https://josuecarvajal4.wordpress.com/wp-content/uploads/2025/02/94336490992.png?w=600" alt="" class="wp-image-66" style="aspect-ratio:1;object-fit:cover" /></figure>
<!-- /wp:image -->

<!-- wp:group {"style":{"spacing":{"blockGap":"8px"}},"layout":{"type":"flex","orientation":"vertical","flexWrap":"nowrap"}} -->
<div class="wp-block-group"><!-- wp:heading {"level":3} -->
<h3 class="wp-block-heading">Web: Marca Personal</h3>
<!-- /wp:heading -->

<!-- wp:paragraph {"style":{"typography":{"fontSize":"20px"}}} -->
<p style="font-size:20px">CMS: Wordpress Gratuito</p>
<!-- /wp:paragraph -->

<!-- wp:paragraph -->
<p>Maquetación del home del Wordpress </p>
<!-- /wp:paragraph -->

<!-- wp:buttons -->
<div class="wp-block-buttons"><!-- wp:button -->
<div class="wp-block-button"><a class="wp-block-button__link wp-element-button" href="https://josuecarvajal4.wordpress.com/">Ver Mas....</a></div>
<!-- /wp:button --></div>
<!-- /wp:buttons --></div>
<!-- /wp:group --></div>
<!-- /wp:group --></div>
<!-- /wp:column -->

<!-- wp:column {"style":{"spacing":{"blockGap":"0"}}} -->
<div class="wp-block-column"><!-- wp:group {"style":{"spacing":{"blockGap":"var:preset|spacing|30"}},"layout":{"type":"flex","orientation":"vertical"}} -->
<div class="wp-block-group"><!-- wp:image {"id":67,"aspectRatio":"1","scale":"cover","sizeSlug":"large","linkDestination":"none","style":{"color":{"duotone":"unset"}}} -->
<figure class="wp-block-image size-large"><img src="https://josuecarvajal4.wordpress.com/wp-content/uploads/2025/02/yrhnd6ku2in.png?w=600" alt="" class="wp-image-67" style="aspect-ratio:1;object-fit:cover" /></figure>
<!-- /wp:image -->

<!-- wp:group {"style":{"spacing":{"blockGap":"8px"}},"layout":{"type":"flex","orientation":"vertical","flexWrap":"nowrap"}} -->
<div class="wp-block-group"><!-- wp:heading {"level":3} -->
<h3 class="wp-block-heading">Wireframe Web Marca Personal</h3>
<!-- /wp:heading -->

<!-- wp:paragraph {"style":{"typography":{"fontSize":"20px"}}} -->
<p style="font-size:20px">Miro</p>
<!-- /wp:paragraph -->

<!-- wp:paragraph -->
<p>Maquetación en el miro, haciendo énfasis en como se vería una web </p>
<!-- /wp:paragraph --></div>
<!-- /wp:group --></div>
<!-- /wp:group -->

<!-- wp:buttons -->
<div class="wp-block-buttons"><!-- wp:button -->
<div class="wp-block-button"><a class="wp-block-button__link wp-element-button" href="https://miro.com/app/board/uXjVLqVEmQg=/?share_link_id=86072484718">Ver Mas...</a></div>
<!-- /wp:button --></div>
<!-- /wp:buttons --></div>
<!-- /wp:column --></div>
<!-- /wp:columns --></div>
<!-- /wp:group -->

<!-- wp:group {"metadata":{"categories":["services"],"name":"Services","patternName":"assembler/services-2"},"align":"full","className":"alignfull is-style-section-1","style":{"spacing":{"margin":{"top":"0","bottom":"0"},"blockGap":"var:preset|spacing|30","padding":{"top":"var:preset|spacing|40","bottom":"var:preset|spacing|40"}}},"layout":{"type":"constrained","justifyContent":"center"}} -->
<div class="wp-block-group alignfull is-style-section-1" style="margin-top:0;margin-bottom:0;padding-top:var(--wp--preset--spacing--40);padding-bottom:var(--wp--preset--spacing--40)"><!-- wp:columns {"align":"wide","style":{"spacing":{"blockGap":{"top":"var:preset|spacing|60","left":"var:preset|spacing|20"}}}} -->
<div class="wp-block-columns alignwide"><!-- wp:column {"style":{"spacing":{"blockGap":"0"}}} -->
<div class="wp-block-column"><!-- wp:group {"style":{"spacing":{"blockGap":"var:preset|spacing|30"}},"layout":{"type":"flex","orientation":"vertical","flexWrap":"nowrap"}} -->
<div class="wp-block-group"><!-- wp:image {"id":16530,"aspectRatio":"1","scale":"cover","sizeSlug":"large","linkDestination":"none","style":{"color":{"duotone":"unset"}}} -->
<figure class="wp-block-image size-large"><img src="https://dotcompatterns.wordpress.com/wp-content/uploads/2024/09/1.jpeg?w=1024" alt="" class="wp-image-16530" style="aspect-ratio:1;object-fit:cover" /></figure>
<!-- /wp:image -->

<!-- wp:group {"style":{"spacing":{"blockGap":"8px"}},"layout":{"type":"flex","orientation":"vertical","flexWrap":"nowrap"}} -->
<div class="wp-block-group"><!-- wp:heading {"level":3} -->
<h3 class="wp-block-heading">Web: </h3>
<!-- /wp:heading -->

<!-- wp:paragraph {"style":{"typography":{"fontSize":"20px"}}} -->
<p style="font-size:20px">CMS: Wordpress en Local host</p>
<!-- /wp:paragraph -->

<!-- wp:paragraph -->
<p>Navegando por el intrincado tejido de la vida, las elecciones despliegan caminos hacia lo extraordinario, exigiendo creatividad, curiosidad y valentía para un viaje verdaderamente gratificante.</p>
<!-- /wp:paragraph -->

<!-- wp:buttons -->
<div class="wp-block-buttons"><!-- wp:button -->
<div class="wp-block-button"><a class="wp-block-button__link wp-element-button" href="#ç">Ver Mas...</a></div>
<!-- /wp:button --></div>
<!-- /wp:buttons --></div>
<!-- /wp:group --></div>
<!-- /wp:group --></div>
<!-- /wp:column -->

<!-- wp:column {"style":{"spacing":{"blockGap":"0"}}} -->
<div class="wp-block-column"><!-- wp:group {"style":{"spacing":{"blockGap":"var:preset|spacing|30"}},"layout":{"type":"flex","orientation":"vertical"}} -->
<div class="wp-block-group"><!-- wp:image {"id":16530,"aspectRatio":"1","scale":"cover","sizeSlug":"large","linkDestination":"none","style":{"color":{"duotone":"unset"}}} -->
<figure class="wp-block-image size-large"><img src="https://dotcompatterns.wordpress.com/wp-content/uploads/2024/09/1.jpeg?w=1024" alt="" class="wp-image-16530" style="aspect-ratio:1;object-fit:cover" /></figure>
<!-- /wp:image -->

<!-- wp:group {"style":{"spacing":{"blockGap":"8px"}},"layout":{"type":"flex","orientation":"vertical","flexWrap":"nowrap"}} -->
<div class="wp-block-group"><!-- wp:heading {"level":3} -->
<h3 class="wp-block-heading">Web: Marca Personal</h3>
<!-- /wp:heading -->

<!-- wp:paragraph {"style":{"typography":{"fontSize":"20px"}}} -->
<p style="font-size:20px">CMS: Wordpress en Hosting</p>
<!-- /wp:paragraph -->

<!-- wp:paragraph -->
<p>Navegando por el intrincado tejido de la vida, las elecciones despliegan caminos hacia lo extraordinario, exigiendo creatividad, curiosidad y valentía para un viaje verdaderamente gratificante.</p>
<!-- /wp:paragraph -->

<!-- wp:buttons -->
<div class="wp-block-buttons"><!-- wp:button -->
<div class="wp-block-button"><a class="wp-block-button__link wp-element-button" href="#">Ver Mas....</a></div>
<!-- /wp:button --></div>
<!-- /wp:buttons --></div>
<!-- /wp:group --></div>
<!-- /wp:group --></div>
<!-- /wp:column -->

<!-- wp:column {"style":{"spacing":{"blockGap":"0"}}} -->
<div class="wp-block-column"><!-- wp:group {"style":{"spacing":{"blockGap":"var:preset|spacing|30"}},"layout":{"type":"flex","orientation":"vertical"}} -->
<div class="wp-block-group"><!-- wp:image {"id":69,"aspectRatio":"1","scale":"cover","sizeSlug":"large","linkDestination":"none","style":{"color":{"duotone":"unset"}}} -->
<figure class="wp-block-image size-large"><img src="https://josuecarvajal4.wordpress.com/wp-content/uploads/2025/02/3a9plyyqw.png?w=600" alt="" class="wp-image-69" style="aspect-ratio:1;object-fit:cover" /></figure>
<!-- /wp:image -->

<!-- wp:group {"style":{"spacing":{"blockGap":"8px"}},"layout":{"type":"flex","orientation":"vertical","flexWrap":"nowrap"}} -->
<div class="wp-block-group"><!-- wp:heading {"level":3} -->
<h3 class="wp-block-heading">GitHub Personal</h3>
<!-- /wp:heading -->

<!-- wp:paragraph {"style":{"typography":{"fontSize":"20px"}}} -->
<p style="font-size:20px">GitHub</p>
<!-- /wp:paragraph -->

<!-- wp:paragraph -->
<p>Se agrego archivos como copias de seguridad sobre los trabajos aprendidos </p>
<!-- /wp:paragraph --></div>
<!-- /wp:group --></div>
<!-- /wp:group -->

<!-- wp:buttons -->
<div class="wp-block-buttons"><!-- wp:button -->
<div class="wp-block-button"><a class="wp-block-button__link wp-element-button" href="https://github.com/Jcprofession">Ver Mas...</a></div>
<!-- /wp:button --></div>
<!-- /wp:buttons --></div>
<!-- /wp:column --></div>
<!-- /wp:columns --></div>
<!-- /wp:group -->

<!-- wp:paragraph -->
<p></p>
<!-- /wp:paragraph -->]]></content:encoded>
  <excerpt:encoded><![CDATA[]]></excerpt:encoded>
  <wp:post_id>56</wp:post_id>
  <wp:post_date>2025-02-14 10:16:31</wp:post_date>
  <wp:post_date_gmt>2025-02-14 15:16:31</wp:post_date_gmt>
  <wp:post_modified>2025-02-14 11:21:27</wp:post_modified>
  <wp:post_modified_gmt>2025-02-14 16:21:27</wp:post_modified_gmt>
  <wp:comment_status>closed</wp:comment_status>
  <wp:ping_status>closed</wp:ping_status>
  <wp:post_name>portafolio</wp:post_name>
  <wp:status>publish</wp:status>
  <wp:post_parent>0</wp:post_parent>
  <wp:menu_order>0</wp:menu_order>
  <wp:post_type>page</wp:post_type>
  <wp:post_password/>
  <wp:is_sticky>0</wp:is_sticky>
  <wp:postmeta>
    <wp:meta_key>_g_feedback_shortcode_7339a35efe9d58f6fc7d913b0a287cd0a464343c</wp:meta_key>
    <wp:meta_value><![CDATA[
				[contact-field label="Nombre" type="name"  required="true" /]
				[contact-field label="Correo electrónico" type="email" required="true" /]
				[contact-field label="Web" type="url" /]
				[contact-field label="Mensaje" type="textarea" /]]]></wp:meta_value>
  </wp:postmeta>
  <wp:postmeta>
    <wp:meta_key>_g_feedback_shortcode_atts_7339a35efe9d58f6fc7d913b0a287cd0a464343c</wp:meta_key>
    <wp:meta_value><![CDATA[a:17:{s:2:"to";s:22:"josueciz0403@gmail.com";s:7:"subject";s:18:"[Josué Carvajal] ";s:12:"show_subject";s:2:"no";s:6:"widget";i:0;s:14:"block_template";N;s:19:"block_template_part";N;s:2:"id";i:56;s:18:"submit_button_text";s:6:"Enviar";s:14:"customThankyou";s:0:"";s:21:"customThankyouHeading";s:24:"Se ha enviado tu mensaje";s:21:"customThankyouMessage";s:24:"¡Gracias por tu envío!";s:22:"customThankyouRedirect";s:0:"";s:10:"jetpackCRM";b:1;s:9:"className";N;s:9:"postToUrl";N;s:14:"salesforceData";N;s:12:"hiddenFields";N;}]]></wp:meta_value>
  </wp:postmeta>
  <wp:postmeta>
    <wp:meta_key>_last_editor_used_jetpack</wp:meta_key>
    <wp:meta_value><![CDATA[block-editor]]></wp:meta_value>
  </wp:postmeta>
  <wp:postmeta>
    <wp:meta_key>_publicize_pending</wp:meta_key>
    <wp:meta_value><![CDATA[1]]></wp:meta_value>
  </wp:postmeta>
  <wp:postmeta>
    <wp:meta_key>advanced_seo_description</wp:meta_key>
    <wp:meta_value><![CDATA[]]></wp:meta_value>
  </wp:postmeta>
  <wp:postmeta>
    <wp:meta_key>jetpack_seo_html_title</wp:meta_key>
    <wp:meta_value><![CDATA[]]></wp:meta_value>
  </wp:postmeta>
  <wp:postmeta>
    <wp:meta_key>jetpack_seo_noindex</wp:meta_key>
    <wp:meta_value><![CDATA[]]></wp:meta_value>
  </wp:postmeta>
  <wp:postmeta>
    <wp:meta_key>_jetpack_post_was_ever_published</wp:meta_key>
    <wp:meta_value><![CDATA[]]></wp:meta_value>
  </wp:postmeta>
  <wp:postmeta>
    <wp:meta_key>reader_suggested_tags</wp:meta_key>
    <wp:meta_value><![CDATA[]]></wp:meta_value>
  </wp:postmeta>
  <wp:postmeta>
    <wp:meta_key>_starter_page_template</wp:meta_key>
    <wp:meta_value><![CDATA[services-3]]></wp:meta_value>
  </wp:postmeta>
  <wp:postmeta>
    <wp:meta_key>_wpcom_template_layout_category</wp:meta_key>
    <wp:meta_value><![CDATA[a:1:{i:0;s:8:"services";}]]></wp:meta_value>
  </wp:postmeta>
  <wp:postmeta>
    <wp:meta_key>footnotes</wp:meta_key>
    <wp:meta_value><![CDATA[]]></wp:meta_value>
  </wp:postmeta>
  <wp:postmeta>
    <wp:meta_key>_elasticsearch_data_sharing_indexed_on</wp:meta_key>
    <wp:meta_value><![CDATA[2025-02-14 15:16:09]]></wp:meta_value>
  </wp:postmeta>
</item>
<item>
  <title><![CDATA[SgaYKgWtmmr]]></title>
  <link>https://josuecarvajal4.wordpress.com/portafolio/sgaykgwtmmr/</link>
  <pubDate>Fri, 14 Feb 2025 15:44:43 +0000</pubDate>
  <dc:creator>josueciz0403</dc:creator>
  <guid isPermaLink="false">http://josuecarvajal4.files.wordpress.com/2025/02/sgaykgwtmmr.png</guid>
  <description/>
  <content:encoded><![CDATA[]]></content:encoded>
  <excerpt:encoded><![CDATA[]]></excerpt:encoded>
  <wp:post_id>63</wp:post_id>
  <wp:post_date>2025-02-14 10:44:43</wp:post_date>
  <wp:post_date_gmt>2025-02-14 15:44:43</wp:post_date_gmt>
  <wp:post_modified>2025-02-14 10:44:43</wp:post_modified>
  <wp:post_modified_gmt>2025-02-14 15:44:43</wp:post_modified_gmt>
  <wp:comment_status>open</wp:comment_status>
  <wp:ping_status>closed</wp:ping_status>
  <wp:post_name>sgaykgwtmmr</wp:post_name>
  <wp:status>inherit</wp:status>
  <wp:post_parent>56</wp:post_parent>
  <wp:menu_order>0</wp:menu_order>
  <wp:post_type>attachment</wp:post_type>
  <wp:post_password/>
  <wp:is_sticky>0</wp:is_sticky>
  <wp:attachment_url>https://josuecarvajal4.wordpress.com/wp-content/uploads/2025/02/sgaykgwtmmr.png</wp:attachment_url>
  <wp:postmeta>
    <wp:meta_key>_wp_attached_file</wp:meta_key>
    <wp:meta_value><![CDATA[/home/wpcom/public_html/wp-content/blogs.dir/456/241190612/files/2025/02/sgaykgwtmmr.png]]></wp:meta_value>
  </wp:postmeta>
  <wp:postmeta>
    <wp:meta_key>_wp_attachment_metadata</wp:meta_key>
    <wp:meta_value><![CDATA[a:6:{s:5:"width";i:1800;s:6:"height";i:1260;s:4:"file";s:88:"/home/wpcom/public_html/wp-content/blogs.dir/456/241190612/files/2025/02/sgaykgwtmmr.png";s:8:"filesize";i:1921985;s:5:"sizes";a:0:{}s:10:"image_meta";a:12:{s:8:"aperture";s:1:"0";s:6:"credit";s:0:"";s:6:"camera";s:0:"";s:7:"caption";s:0:"";s:17:"created_timestamp";s:1:"0";s:9:"copyright";s:0:"";s:12:"focal_length";s:1:"0";s:3:"iso";s:1:"0";s:13:"shutter_speed";s:1:"0";s:5:"title";s:0:"";s:11:"orientation";s:1:"0";s:8:"keywords";a:0:{}}}]]></wp:meta_value>
  </wp:postmeta>
</item>
<item>
  <title><![CDATA[SgaYKgWtmmr (1)]]></title>
  <link>https://josuecarvajal4.wordpress.com/portafolio/sgaykgwtmmr-1/</link>
  <pubDate>Fri, 14 Feb 2025 15:47:53 +0000</pubDate>
  <dc:creator>josueciz0403</dc:creator>
  <guid isPermaLink="false">http://josuecarvajal4.files.wordpress.com/2025/02/sgaykgwtmmr-1.png</guid>
  <description/>
  <content:encoded><![CDATA[]]></content:encoded>
  <excerpt:encoded><![CDATA[]]></excerpt:encoded>
  <wp:post_id>64</wp:post_id>
  <wp:post_date>2025-02-14 10:47:53</wp:post_date>
  <wp:post_date_gmt>2025-02-14 15:47:53</wp:post_date_gmt>
  <wp:post_modified>2025-02-14 10:47:53</wp:post_modified>
  <wp:post_modified_gmt>2025-02-14 15:47:53</wp:post_modified_gmt>
  <wp:comment_status>open</wp:comment_status>
  <wp:ping_status>closed</wp:ping_status>
  <wp:post_name>sgaykgwtmmr-1</wp:post_name>
  <wp:status>inherit</wp:status>
  <wp:post_parent>56</wp:post_parent>
  <wp:menu_order>0</wp:menu_order>
  <wp:post_type>attachment</wp:post_type>
  <wp:post_password/>
  <wp:is_sticky>0</wp:is_sticky>
  <wp:attachment_url>https://josuecarvajal4.wordpress.com/wp-content/uploads/2025/02/sgaykgwtmmr-1.png</wp:attachment_url>
  <wp:postmeta>
    <wp:meta_key>_wp_attached_file</wp:meta_key>
    <wp:meta_value><![CDATA[/home/wpcom/public_html/wp-content/blogs.dir/456/241190612/files/2025/02/sgaykgwtmmr-1.png]]></wp:meta_value>
  </wp:postmeta>
  <wp:postmeta>
    <wp:meta_key>_wp_attachment_metadata</wp:meta_key>
    <wp:meta_value><![CDATA[a:6:{s:5:"width";i:1200;s:6:"height";i:840;s:4:"file";s:90:"/home/wpcom/public_html/wp-content/blogs.dir/456/241190612/files/2025/02/sgaykgwtmmr-1.png";s:8:"filesize";i:307901;s:5:"sizes";a:0:{}s:10:"image_meta";a:12:{s:8:"aperture";s:1:"0";s:6:"credit";s:0:"";s:6:"camera";s:0:"";s:7:"caption";s:0:"";s:17:"created_timestamp";s:1:"0";s:9:"copyright";s:0:"";s:12:"focal_length";s:1:"0";s:3:"iso";s:1:"0";s:13:"shutter_speed";s:1:"0";s:5:"title";s:0:"";s:11:"orientation";s:1:"0";s:8:"keywords";a:0:{}}}]]></wp:meta_value>
  </wp:postmeta>
</item>
<item>
  <title><![CDATA[304ea7334ca]]></title>
  <link>https://josuecarvajal4.wordpress.com/portafolio/304ea7334ca/</link>
  <pubDate>Fri, 14 Feb 2025 16:00:19 +0000</pubDate>
  <dc:creator>josueciz0403</dc:creator>
  <guid isPermaLink="false">http://josuecarvajal4.files.wordpress.com/2025/02/304ea7334ca.png</guid>
  <description/>
  <content:encoded><![CDATA[]]></content:encoded>
  <excerpt:encoded><![CDATA[]]></excerpt:encoded>
  <wp:post_id>65</wp:post_id>
  <wp:post_date>2025-02-14 11:00:19</wp:post_date>
  <wp:post_date_gmt>2025-02-14 16:00:19</wp:post_date_gmt>
  <wp:post_modified>2025-02-14 11:00:19</wp:post_modified>
  <wp:post_modified_gmt>2025-02-14 16:00:19</wp:post_modified_gmt>
  <wp:comment_status>open</wp:comment_status>
  <wp:ping_status>closed</wp:ping_status>
  <wp:post_name>304ea7334ca</wp:post_name>
  <wp:status>inherit</wp:status>
  <wp:post_parent>56</wp:post_parent>
  <wp:menu_order>0</wp:menu_order>
  <wp:post_type>attachment</wp:post_type>
  <wp:post_password/>
  <wp:is_sticky>0</wp:is_sticky>
  <wp:attachment_url>https://josuecarvajal4.wordpress.com/wp-content/uploads/2025/02/304ea7334ca.png</wp:attachment_url>
  <wp:postmeta>
    <wp:meta_key>_wp_attached_file</wp:meta_key>
    <wp:meta_value><![CDATA[/home/wpcom/public_html/wp-content/blogs.dir/456/241190612/files/2025/02/304ea7334ca.png]]></wp:meta_value>
  </wp:postmeta>
  <wp:postmeta>
    <wp:meta_key>_wp_attachment_metadata</wp:meta_key>
    <wp:meta_value><![CDATA[a:6:{s:5:"width";i:600;s:6:"height";i:399;s:4:"file";s:88:"/home/wpcom/public_html/wp-content/blogs.dir/456/241190612/files/2025/02/304ea7334ca.png";s:8:"filesize";i:331931;s:5:"sizes";a:0:{}s:10:"image_meta";a:12:{s:8:"aperture";s:1:"0";s:6:"credit";s:0:"";s:6:"camera";s:0:"";s:7:"caption";s:0:"";s:17:"created_timestamp";s:1:"0";s:9:"copyright";s:0:"";s:12:"focal_length";s:1:"0";s:3:"iso";s:1:"0";s:13:"shutter_speed";s:1:"0";s:5:"title";s:0:"";s:11:"orientation";s:1:"0";s:8:"keywords";a:0:{}}}]]></wp:meta_value>
  </wp:postmeta>
</item>
<item>
  <title><![CDATA[94336490992]]></title>
  <link>https://josuecarvajal4.wordpress.com/portafolio/attachment/94336490992/</link>
  <pubDate>Fri, 14 Feb 2025 16:07:19 +0000</pubDate>
  <dc:creator>josueciz0403</dc:creator>
  <guid isPermaLink="false">http://josuecarvajal4.files.wordpress.com/2025/02/94336490992.png</guid>
  <description/>
  <content:encoded><![CDATA[]]></content:encoded>
  <excerpt:encoded><![CDATA[]]></excerpt:encoded>
  <wp:post_id>66</wp:post_id>
  <wp:post_date>2025-02-14 11:07:19</wp:post_date>
  <wp:post_date_gmt>2025-02-14 16:07:19</wp:post_date_gmt>
  <wp:post_modified>2025-02-14 11:07:19</wp:post_modified>
  <wp:post_modified_gmt>2025-02-14 16:07:19</wp:post_modified_gmt>
  <wp:comment_status>open</wp:comment_status>
  <wp:ping_status>closed</wp:ping_status>
  <wp:post_name>94336490992</wp:post_name>
  <wp:status>inherit</wp:status>
  <wp:post_parent>56</wp:post_parent>
  <wp:menu_order>0</wp:menu_order>
  <wp:post_type>attachment</wp:post_type>
  <wp:post_password/>
  <wp:is_sticky>0</wp:is_sticky>
  <wp:attachment_url>https://josuecarvajal4.wordpress.com/wp-content/uploads/2025/02/94336490992.png</wp:attachment_url>
  <wp:postmeta>
    <wp:meta_key>_wp_attached_file</wp:meta_key>
    <wp:meta_value><![CDATA[/home/wpcom/public_html/wp-content/blogs.dir/456/241190612/files/2025/02/94336490992.png]]></wp:meta_value>
  </wp:postmeta>
  <wp:postmeta>
    <wp:meta_key>_wp_attachment_metadata</wp:meta_key>
    <wp:meta_value><![CDATA[a:6:{s:5:"width";i:600;s:6:"height";i:899;s:4:"file";s:88:"/home/wpcom/public_html/wp-content/blogs.dir/456/241190612/files/2025/02/94336490992.png";s:8:"filesize";i:489374;s:5:"sizes";a:0:{}s:10:"image_meta";a:12:{s:8:"aperture";s:1:"0";s:6:"credit";s:0:"";s:6:"camera";s:0:"";s:7:"caption";s:0:"";s:17:"created_timestamp";s:1:"0";s:9:"copyright";s:0:"";s:12:"focal_length";s:1:"0";s:3:"iso";s:1:"0";s:13:"shutter_speed";s:1:"0";s:5:"title";s:0:"";s:11:"orientation";s:1:"0";s:8:"keywords";a:0:{}}}]]></wp:meta_value>
  </wp:postmeta>
</item>
<item>
  <title><![CDATA[YrHND6kU2IN]]></title>
  <link>https://josuecarvajal4.wordpress.com/portafolio/yrhnd6ku2in/</link>
  <pubDate>Fri, 14 Feb 2025 16:08:27 +0000</pubDate>
  <dc:creator>josueciz0403</dc:creator>
  <guid isPermaLink="false">http://josuecarvajal4.files.wordpress.com/2025/02/yrhnd6ku2in.png</guid>
  <description/>
  <content:encoded><![CDATA[]]></content:encoded>
  <excerpt:encoded><![CDATA[]]></excerpt:encoded>
  <wp:post_id>67</wp:post_id>
  <wp:post_date>2025-02-14 11:08:27</wp:post_date>
  <wp:post_date_gmt>2025-02-14 16:08:27</wp:post_date_gmt>
  <wp:post_modified>2025-02-14 11:08:27</wp:post_modified>
  <wp:post_modified_gmt>2025-02-14 16:08:27</wp:post_modified_gmt>
  <wp:comment_status>open</wp:comment_status>
  <wp:ping_status>closed</wp:ping_status>
  <wp:post_name>yrhnd6ku2in</wp:post_name>
  <wp:status>inherit</wp:status>
  <wp:post_parent>56</wp:post_parent>
  <wp:menu_order>0</wp:menu_order>
  <wp:post_type>attachment</wp:post_type>
  <wp:post_password/>
  <wp:is_sticky>0</wp:is_sticky>
  <wp:attachment_url>https://josuecarvajal4.wordpress.com/wp-content/uploads/2025/02/yrhnd6ku2in.png</wp:attachment_url>
  <wp:postmeta>
    <wp:meta_key>_wp_attached_file</wp:meta_key>
    <wp:meta_value><![CDATA[/home/wpcom/public_html/wp-content/blogs.dir/456/241190612/files/2025/02/yrhnd6ku2in.png]]></wp:meta_value>
  </wp:postmeta>
  <wp:postmeta>
    <wp:meta_key>_wp_attachment_metadata</wp:meta_key>
    <wp:meta_value><![CDATA[a:6:{s:5:"width";i:600;s:6:"height";i:399;s:4:"file";s:88:"/home/wpcom/public_html/wp-content/blogs.dir/456/241190612/files/2025/02/yrhnd6ku2in.png";s:8:"filesize";i:304040;s:5:"sizes";a:0:{}s:10:"image_meta";a:12:{s:8:"aperture";s:1:"0";s:6:"credit";s:0:"";s:6:"camera";s:0:"";s:7:"caption";s:0:"";s:17:"created_timestamp";s:1:"0";s:9:"copyright";s:0:"";s:12:"focal_length";s:1:"0";s:3:"iso";s:1:"0";s:13:"shutter_speed";s:1:"0";s:5:"title";s:0:"";s:11:"orientation";s:1:"0";s:8:"keywords";a:0:{}}}]]></wp:meta_value>
  </wp:postmeta>
</item>
<item>
  <title><![CDATA[3A9pLyyQw]]></title>
  <link>https://josuecarvajal4.wordpress.com/portafolio/3a9plyyqw/</link>
  <pubDate>Fri, 14 Feb 2025 16:19:59 +0000</pubDate>
  <dc:creator>josueciz0403</dc:creator>
  <guid isPermaLink="false">http://josuecarvajal4.files.wordpress.com/2025/02/3a9plyyqw.png</guid>
  <description/>
  <content:encoded><![CDATA[]]></content:encoded>
  <excerpt:encoded><![CDATA[]]></excerpt:encoded>
  <wp:post_id>69</wp:post_id>
  <wp:post_date>2025-02-14 11:19:59</wp:post_date>
  <wp:post_date_gmt>2025-02-14 16:19:59</wp:post_date_gmt>
  <wp:post_modified>2025-02-14 11:19:59</wp:post_modified>
  <wp:post_modified_gmt>2025-02-14 16:19:59</wp:post_modified_gmt>
  <wp:comment_status>open</wp:comment_status>
  <wp:ping_status>closed</wp:ping_status>
  <wp:post_name>3a9plyyqw</wp:post_name>
  <wp:status>inherit</wp:status>
  <wp:post_parent>56</wp:post_parent>
  <wp:menu_order>0</wp:menu_order>
  <wp:post_type>attachment</wp:post_type>
  <wp:post_password/>
  <wp:is_sticky>0</wp:is_sticky>
  <wp:attachment_url>https://josuecarvajal4.wordpress.com/wp-content/uploads/2025/02/3a9plyyqw.png</wp:attachment_url>
  <wp:postmeta>
    <wp:meta_key>_wp_attached_file</wp:meta_key>
    <wp:meta_value><![CDATA[/home/wpcom/public_html/wp-content/blogs.dir/456/241190612/files/2025/02/3a9plyyqw.png]]></wp:meta_value>
  </wp:postmeta>
  <wp:postmeta>
    <wp:meta_key>_wp_attachment_metadata</wp:meta_key>
    <wp:meta_value><![CDATA[a:6:{s:5:"width";i:600;s:6:"height";i:399;s:4:"file";s:86:"/home/wpcom/public_html/wp-content/blogs.dir/456/241190612/files/2025/02/3a9plyyqw.png";s:8:"filesize";i:298045;s:5:"sizes";a:0:{}s:10:"image_meta";a:12:{s:8:"aperture";s:1:"0";s:6:"credit";s:0:"";s:6:"camera";s:0:"";s:7:"caption";s:0:"";s:17:"created_timestamp";s:1:"0";s:9:"copyright";s:0:"";s:12:"focal_length";s:1:"0";s:3:"iso";s:1:"0";s:13:"shutter_speed";s:1:"0";s:5:"title";s:0:"";s:11:"orientation";s:1:"0";s:8:"keywords";a:0:{}}}]]></wp:meta_value>
  </wp:postmeta>
</item>
  </channel>
</rss>
